_op,StudentTeachingGroupEnrolmentLocalId,Status,Student.LocalId,Student.NationalStudentNumber,Student.YearLevel,Organisation.RefId,TeachingGroup.LocalId,StartDate,RecordAudit.CreatedDateTime,RecordAudit.LastUpdatedDateTime
upsert,2020_8005_HR7_HR8_ST5000000,A,ST5000000,9005000000,8,8005,2020_8005_HR7_HR8,2020-01-27,2020-05-27T12:40:30+1200,2020-05-27T12:40:30+1200
upsert,2020_8005_HR7_HR8_ST5000013,A,ST5000013,9005000013,7,8005,2020_8005_HR7_HR8,2020-01-28,2020-05-27T12:40:45+1200,2020-05-27T12:40:45+1200
upsert,2020_8005_HR6_ST5000026,A,ST5000026,9005000026,6,8005,2020_8005_HR6,2020-01-29,2020-05-27T12:41:00+1200,2020-05-27T12:41:00+1200
upsert,2020_8005_HR6_ST5000039,A,ST5000039,9005000039,6,8005,2020_8005_HR6,2020-01-30,2020-05-27T12:41:15+1200,2020-05-27T12:41:15+1200
upsert,2020_8005_HR6_ST5000041,A,ST5000041,9005000041,6,8005,2020_8005_HR6,2020-01-31,2020-05-27T12:41:29+1200,2020-05-27T12:41:29+1200
upsert,2020_8005_HR6_ST5000054,A,ST5000054,9005000054,6,8005,2020_8005_HR6,2020-02-01,2020-05-27T12:41:45+1200,2020-05-27T12:41:45+1200
upsert,2020_8005_HR6_ST5000067,A,ST5000067,9005000067,6,8005,2020_8005_HR6,2020-02-02,2020-05-27T12:42:00+1200,2020-05-27T12:42:00+1200
upsert,2020_8005_HR6_ST5100075,A,ST5100075,9005100075,6,8005,2020_8005_HR6,2020-02-03,2020-05-27T12:42:15+1200,2020-05-27T12:42:15+1200
upsert,2020_8005_HR5_ST5000082,A,ST5000082,9005000082,5,8005,2020_8005_HR5,2020-02-04,2020-05-27T12:42:30+1200,2020-05-27T12:42:30+1200
upsert,2020_8005_HR4_ST5000095,A,ST5000095,9005000095,4,8005,2020_8005_HR4,2020-02-05,2020-05-27T12:42:45+1200,2020-05-27T12:42:45+1200
upsert,2020_8005_HR4_ST5000105,A,ST5000105,9005000105,4,8005,2020_8005_HR4,2020-02-06,2020-05-27T12:43:00+1200,2020-05-27T12:43:00+1200
upsert,2020_8005_HR3_ST5000118,A,ST5000118,9005000118,3,8005,2020_8005_HR3,2020-02-07,2020-05-27T12:43:15+1200,2020-05-27T12:43:15+1200
upsert,2020_8005_HR3_ST5000120,A,ST5000120,9005000120,3,8005,2020_8005_HR3,2020-02-08,2020-05-27T12:43:30+1200,2020-05-27T12:43:30+1200
upsert,2020_8005_HR3_ST5000133,A,ST5000133,9005000133,3,8005,2020_8005_HR3,2020-02-09,2020-05-27T12:43:45+1200,2020-05-27T12:43:45+1200
upsert,2020_8005_HR3_ST5000146,A,ST5000146,9005000146,3,8005,2020_8005_HR3,2020-02-10,2020-05-27T12:44:00+1200,2020-05-27T12:44:00+1200
upsert,2020_8005_HR3_ST5000159,A,ST5000159,9005000159,3,8005,2020_8005_HR3,2020-02-11,2020-05-27T12:44:15+1200,2020-05-27T12:44:15+1200
upsert,2020_8005_JR_ST5000161,A,ST5000161,9005000161,2,8005,2020_8005_JR,2020-02-12,2020-05-27T12:44:30+1200,2020-05-27T12:44:30+1200
upsert,2020_8005_JR_ST5000174,A,ST5000174,9005000174,2,8005,2020_8005_JR,2020-02-13,2020-05-27T12:44:45+1200,2020-05-27T12:44:45+1200
upsert,2020_8005_JR_ST5000187,A,ST5000187,9005000187,2,8005,2020_8005_JR,2020-02-14,2020-05-27T12:45:00+1200,2020-05-27T12:45:00+1200
upsert,2020_8005_JR_ST5100195,A,ST5100195,9005100195,2,8005,2020_8005_JR,2020-02-15,2020-05-27T12:45:15+1200,2020-05-27T12:45:15+1200
upsert,2020_8005_JR_ST5100205,A,ST5100205,9005100205,2,8005,2020_8005_JR,2020-02-16,2020-05-27T12:45:30+1200,2020-05-27T12:45:30+1200
upsert,2020_8005_JR_ST5000212,A,ST5000212,9005000212,1,8005,2020_8005_JR,2020-02-17,2020-05-27T12:45:45+1200,2020-05-27T12:45:45+1200
upsert,2020_8005_JR_ST5000225,A,ST5000225,9005000225,1,8005,2020_8005_JR,2020-02-18,2020-05-27T12:46:00+1200,2020-05-27T12:46:00+1200
upsert,2020_8005_JR_ST5000238,A,ST5000238,9005000238,1,8005,2020_8005_JR,2020-02-19,2020-05-27T12:46:14+1200,2020-05-27T12:46:14+1200
upsert,2020_8005_JR_ST5000240,A,ST5000240,9005000240,1,8005,2020_8005_JR,2020-02-20,2020-05-27T12:46:30+1200,2020-05-27T12:46:30+1200
upsert,2020_8005_HR7_HR8_ST5000253,A,ST5000253,9005000253,8,8005,2020_8005_HR7_HR8,2020-02-21,2020-05-27T12:46:45+1200,2020-05-27T12:46:45+1200
upsert,2020_8005_HR7_HR8_ST5000266,A,ST5000266,9005000266,8,8005,2020_8005_HR7_HR8,2020-02-22,2020-05-27T12:47:00+1200,2020-05-27T12:47:00+1200
upsert,2020_8005_HR7_HR8_ST5000279,A,ST5000279,9005000279,7,8005,2020_8005_HR7_HR8,2020-02-23,2020-05-27T12:47:15+1200,2020-05-27T12:47:15+1200
upsert,2020_8005_HR7_HR8_ST5000281,A,ST5000281,9005000281,7,8005,2020_8005_HR7_HR8,2020-02-24,2020-05-27T12:47:30+1200,2020-05-27T12:47:30+1200
upsert,2020_8005_HR7_HR8_ST5000294,A,ST5000294,9005000294,7,8005,2020_8005_HR7_HR8,2020-02-25,2020-05-27T12:47:45+1200,2020-05-27T12:47:45+1200
upsert,2020_8005_HR7_HR8_ST5000304,A,ST5000304,9005000304,7,8005,2020_8005_HR7_HR8,2020-02-26,2020-05-27T12:48:00+1200,2020-05-27T12:48:00+1200
upsert,2020_8005_HR6_ST5000317,A,ST5000317,9005000317,6,8005,2020_8005_HR6,2020-02-27,2020-05-27T12:48:15+1200,2020-05-27T12:48:15+1200
upsert,2020_8005_HR6_ST5100325,A,ST5100325,9005100325,6,8005,2020_8005_HR6,2020-02-28,2020-05-27T12:48:30+1200,2020-05-27T12:48:30+1200
upsert,2020_8005_HR6_ST5000332,A,ST5000332,9005000332,6,8005,2020_8005_HR6,2020-02-29,2020-05-27T12:48:44+1200,2020-05-27T12:48:44+1200
upsert,2020_8005_HR6_ST5000345,A,ST5000345,9005000345,6,8005,2020_8005_HR6,2020-03-01,2020-05-27T12:49:00+1200,2020-05-27T12:49:00+1200
upsert,2020_8005_HR5_ST5000358,A,ST5000358,9005000358,5,8005,2020_8005_HR5,2020-03-02,2020-05-27T12:49:15+1200,2020-05-27T12:49:15+1200
upsert,2020_8005_HR5_ST5000360,A,ST5000360,9005000360,5,8005,2020_8005_HR5,2020-03-03,2020-05-27T12:49:30+1200,2020-05-27T12:49:30+1200
upsert,2020_8005_HR5_ST5000373,A,ST5000373,9005000373,5,8005,2020_8005_HR5,2020-03-04,2020-05-27T12:49:45+1200,2020-05-27T12:49:45+1200
upsert,2020_8005_HR5_ST5000386,A,ST5000386,9005000386,5,8005,2020_8005_HR5,2020-03-05,2020-05-27T12:50:00+1200,2020-05-27T12:50:00+1200
upsert,2020_8005_HR5_ST5000399,A,ST5000399,9005000399,5,8005,2020_8005_HR5,2020-03-06,2020-05-27T12:50:14+1200,2020-05-27T12:50:14+1200
upsert,2020_8005_HR5_ST5000409,A,ST5000409,9005000409,5,8005,2020_8005_HR5,2020-03-07,2020-05-27T12:50:30+1200,2020-05-27T12:50:30+1200
upsert,2020_8005_HR5_ST5000411,A,ST5000411,9005000411,5,8005,2020_8005_HR5,2020-03-08,2020-05-27T12:50:45+1200,2020-05-27T12:50:45+1200
upsert,2020_8005_HR4_ST5000424,A,ST5000424,9005000424,4,8005,2020_8005_HR4,2020-03-09,2020-05-27T12:51:00+1200,2020-05-27T12:51:00+1200
upsert,2020_8005_HR4_ST5000437,A,ST5000437,9005000437,4,8005,2020_8005_HR4,2020-03-10,2020-05-27T12:51:15+1200,2020-05-27T12:51:15+1200
upsert,2020_8005_HR4_ST5100445,A,ST5100445,9005100445,4,8005,2020_8005_HR4,2020-03-11,2020-05-27T12:51:30+1200,2020-05-27T12:51:30+1200
upsert,2020_8005_HR3_ST5000452,A,ST5000452,9005000452,3,8005,2020_8005_HR3,2020-03-12,2020-05-27T12:51:45+1200,2020-05-27T12:51:45+1200
upsert,2020_8005_HR3_ST5000465,A,ST5000465,9005000465,3,8005,2020_8005_HR3,2020-03-13,2020-05-27T12:52:00+1200,2020-05-27T12:52:00+1200
upsert,2020_8005_JR_ST5000478,A,ST5000478,9005000478,2,8005,2020_8005_JR,2020-03-14,2020-05-27T12:52:15+1200,2020-05-27T12:52:15+1200
upsert,2020_8005_JR_ST5000480,A,ST5000480,9005000480,2,8005,2020_8005_JR,2020-03-15,2020-05-27T12:52:30+1200,2020-05-27T12:52:30+1200
upsert,2020_8005_JR_ST5000493,A,ST5000493,9005000493,1,8005,2020_8005_JR,2020-03-16,2020-05-27T12:52:44+1200,2020-05-27T12:52:44+1200
upsert,2020_8005_HR7_HR8_ST5000503,A,ST5000503,9005000503,8,8005,2020_8005_HR7_HR8,2020-03-17,2020-05-27T12:53:00+1200,2020-05-27T12:53:00+1200
upsert,2020_8005_HR7_HR8_ST5000516,A,ST5000516,9005000516,8,8005,2020_8005_HR7_HR8,2020-03-18,2020-05-27T12:53:15+1200,2020-05-27T12:53:15+1200
upsert,2020_8005_HR7_HR8_ST5000529,A,ST5000529,9005000529,8,8005,2020_8005_HR7_HR8,2020-03-19,2020-05-27T12:53:30+1200,2020-05-27T12:53:30+1200
upsert,2020_8005_HR7_HR8_ST5000531,A,ST5000531,9005000531,7,8005,2020_8005_HR7_HR8,2020-03-20,2020-05-27T12:53:45+1200,2020-05-27T12:53:45+1200
upsert,2020_8005_HR7_HR8_ST5000544,A,ST5000544,9005000544,7,8005,2020_8005_HR7_HR8,2020-03-21,2020-05-27T12:54:00+1200,2020-05-27T12:54:00+1200
upsert,2020_8005_HR7_HR8_ST5000557,A,ST5000557,9005000557,7,8005,2020_8005_HR7_HR8,2020-03-22,2020-05-27T12:54:15+1200,2020-05-27T12:54:15+1200
upsert,2020_8005_HR6_ST5100565,A,ST5100565,9005100565,6,8005,2020_8005_HR6,2020-03-23,2020-05-27T12:54:30+1200,2020-05-27T12:54:30+1200
upsert,2020_8005_HR6_ST5000572,A,ST5000572,9005000572,6,8005,2020_8005_HR6,2020-03-24,2020-05-27T12:54:45+1200,2020-05-27T12:54:45+1200
upsert,2020_8005_HR6_ST5000585,A,ST5000585,9005000585,6,8005,2020_8005_HR6,2020-03-25,2020-05-27T12:55:00+1200,2020-05-27T12:55:00+1200
upsert,2020_8005_HR6_ST5000598,A,ST5000598,9005000598,6,8005,2020_8005_HR6,2020-03-26,2020-05-27T12:55:15+1200,2020-05-27T12:55:15+1200
upsert,2020_8005_HR5_ST5000608,A,ST5000608,9005000608,5,8005,2020_8005_HR5,2020-03-27,2020-05-27T12:55:30+1200,2020-05-27T12:55:30+1200
upsert,2020_8005_HR5_ST5000610,A,ST5000610,9005000610,5,8005,2020_8005_HR5,2020-03-28,2020-05-27T12:55:45+1200,2020-05-27T12:55:45+1200
upsert,2020_8005_HR5_ST5000623,A,ST5000623,9005000623,5,8005,2020_8005_HR5,2020-03-29,2020-05-27T12:56:00+1200,2020-05-27T12:56:00+1200
upsert,2020_8005_HR5_ST5000636,A,ST5000636,9005000636,5,8005,2020_8005_HR5,2020-03-30,2020-05-27T12:56:15+1200,2020-05-27T12:56:15+1200
upsert,2020_8005_HR4_ST5000649,A,ST5000649,9005000649,4,8005,2020_8005_HR4,2020-03-31,2020-05-27T12:56:30+1200,2020-05-27T12:56:30+1200
upsert,2020_8005_HR4_ST5000651,A,ST5000651,9005000651,4,8005,2020_8005_HR4,2020-04-01,2020-05-27T12:56:45+1200,2020-05-27T12:56:45+1200
upsert,2020_8005_HR4_ST5000664,A,ST5000664,9005000664,4,8005,2020_8005_HR4,2020-04-02,2020-05-27T12:57:00+1200,2020-05-27T12:57:00+1200
upsert,2020_8005_HR4_ST5000677,A,ST5000677,9005000677,4,8005,2020_8005_HR4,2020-04-03,2020-05-27T12:57:15+1200,2020-05-27T12:57:15+1200
upsert,2020_8005_HR3_ST5100685,A,ST5100685,9005100685,3,8005,2020_8005_HR3,2020-04-04,2020-05-27T12:57:29+1200,2020-05-27T12:57:29+1200
upsert,2020_8005_HR3_ST5000692,A,ST5000692,9005000692,3,8005,2020_8005_HR3,2020-04-05,2020-05-27T12:57:45+1200,2020-05-27T12:57:45+1200
upsert,2020_8005_JR_ST5000702,A,ST5000702,9005000702,2,8005,2020_8005_JR,2020-04-06,2020-05-27T12:58:00+1200,2020-05-27T12:58:00+1200
upsert,2020_8005_JR_ST5000715,A,ST5000715,9005000715,2,8005,2020_8005_JR,2020-04-07,2020-05-27T12:58:15+1200,2020-05-27T12:58:15+1200
upsert,2020_8005_JR_ST5000728,A,ST5000728,9005000728,1,8005,2020_8005_JR,2020-04-08,2020-05-27T12:58:30+1200,2020-05-27T12:58:30+1200
upsert,2020_8005_JR_ST5000730,A,ST5000730,9005000730,1,8005,2020_8005_JR,2020-04-09,2020-05-27T12:58:45+1200,2020-05-27T12:58:45+1200
upsert,2020_8005_JR_ST5000743,A,ST5000743,9005000743,1,8005,2020_8005_JR,2020-04-10,2020-05-27T12:59:00+1200,2020-05-27T12:59:00+1200
upsert,2020_8005_HR7_HR8_ST5000756,A,ST5000756,9005000756,8,8005,2020_8005_HR7_HR8,2020-04-11,2020-05-27T12:59:15+1200,2020-05-27T12:59:15+1200
upsert,2020_8005_HR7_HR8_ST5000769,A,ST5000769,9005000769,8,8005,2020_8005_HR7_HR8,2020-04-12,2020-05-27T12:59:30+1200,2020-05-27T12:59:30+1200
upsert,2020_8005_HR7_HR8_ST5000771,A,ST5000771,9005000771,7,8005,2020_8005_HR7_HR8,2020-04-13,2020-05-27T12:59:45+1200,2020-05-27T12:59:45+1200
upsert,2020_8005_HR7_HR8_ST5000784,A,ST5000784,9005000784,7,8005,2020_8005_HR7_HR8,2020-04-14,2020-05-27T12:59:59+1200,2020-05-27T12:59:59+1200
upsert,2020_8005_HR6_ST5000797,A,ST5000797,9005000797,6,8005,2020_8005_HR6,2020-04-15,2020-05-27T13:00:15+1200,2020-05-27T13:00:15+1200
upsert,2020_8005_HR6_ST5000807,A,ST5000807,9005000807,6,8005,2020_8005_HR6,2020-04-16,2020-05-27T13:00:30+1200,2020-05-27T13:00:30+1200
upsert,2020_8005_HR6_ST5100815,A,ST5100815,9005100815,6,8005,2020_8005_HR6,2020-04-17,2020-05-27T13:00:45+1200,2020-05-27T13:00:45+1200
upsert,2020_8005_HR5_ST5000822,A,ST5000822,9005000822,5,8005,2020_8005_HR5,2020-04-18,2020-05-27T13:01:00+1200,2020-05-27T13:01:00+1200
upsert,2020_8005_HR5_ST5000835,A,ST5000835,9005000835,5,8005,2020_8005_HR5,2020-04-19,2020-05-27T13:01:15+1200,2020-05-27T13:01:15+1200
upsert,2020_8005_HR4_ST5000848,A,ST5000848,9005000848,4,8005,2020_8005_HR4,2020-04-20,2020-05-27T13:01:29+1200,2020-05-27T13:01:29+1200
upsert,2020_8005_HR4_ST5000850,A,ST5000850,9005000850,4,8005,2020_8005_HR4,2020-04-21,2020-05-27T13:01:45+1200,2020-05-27T13:01:45+1200
upsert,2020_8005_HR4_ST5000863,A,ST5000863,9005000863,4,8005,2020_8005_HR4,2020-04-22,2020-05-27T13:02:00+1200,2020-05-27T13:02:00+1200
upsert,2020_8005_HR4_ST5000876,A,ST5000876,9005000876,4,8005,2020_8005_HR4,2020-04-23,2020-05-27T13:02:15+1200,2020-05-27T13:02:15+1200
upsert,2020_8005_HR4_ST5000889,A,ST5000889,9005000889,4,8005,2020_8005_HR4,2020-04-24,2020-05-27T13:02:30+1200,2020-05-27T13:02:30+1200
upsert,2020_8005_HR3_ST5000891,A,ST5000891,9005000891,3,8005,2020_8005_HR3,2020-04-25,2020-05-27T13:02:45+1200,2020-05-27T13:02:45+1200
upsert,2020_8005_HR3_ST5000901,A,ST5000901,9005000901,3,8005,2020_8005_HR3,2020-04-26,2020-05-27T13:03:00+1200,2020-05-27T13:03:00+1200
upsert,2020_8005_HR3_ST5000914,A,ST5000914,9005000914,3,8005,2020_8005_HR3,2020-04-27,2020-05-27T13:03:15+1200,2020-05-27T13:03:15+1200
upsert,2020_8005_JR_ST5000927,A,ST5000927,9005000927,2,8005,2020_8005_JR,2020-04-28,2020-05-27T13:03:30+1200,2020-05-27T13:03:30+1200
upsert,2020_8005_JR_ST5100935,A,ST5100935,9005100935,2,8005,2020_8005_JR,2020-04-29,2020-05-27T13:03:45+1200,2020-05-27T13:03:45+1200
upsert,2020_8005_JR_ST5000942,A,ST5000942,9005000942,2,8005,2020_8005_JR,2020-04-30,2020-05-27T13:03:59+1200,2020-05-27T13:03:59+1200
upsert,2020_8005_JR_ST5000955,A,ST5000955,9005000955,1,8005,2020_8005_JR,2020-05-01,2020-05-27T13:04:15+1200,2020-05-27T13:04:15+1200
upsert,2020_8005_JR_ST5000968,A,ST5000968,9005000968,1,8005,2020_8005_JR,2020-05-02,2020-05-27T13:04:30+1200,2020-05-27T13:04:30+1200
upsert,2020_8005_JR_ST5000970,A,ST5000970,9005000970,1,8005,2020_8005_JR,2020-05-03,2020-05-27T13:04:45+1200,2020-05-27T13:04:45+1200
upsert,2020_8005_JR_ST5000983,A,ST5000983,9005000983,1,8005,2020_8005_JR,2020-05-04,2020-05-27T13:05:00+1200,2020-05-27T13:05:00+1200
upsert,2020_8006_HR6_ST6000008,A,ST6000008,9006000008,6,8006,2020_8006_HR6,2020-05-05,2020-05-27T13:05:15+1200,2020-05-27T13:05:15+1200
upsert,2020_8006_HR6_ST6000010,A,ST6000010,9006000010,6,8006,2020_8006_HR6,2020-05-06,2020-05-27T13:05:30+1200,2020-05-27T13:05:30+1200
upsert,2020_8006_HR6_ST6000023,A,ST6000023,9006000023,6,8006,2020_8006_HR6,2020-05-07,2020-05-27T13:05:45+1200,2020-05-27T13:05:45+1200
upsert,2020_8006_HR4_HR5_ST6000036,A,ST6000036,9006000036,5,8006,2020_8006_HR4_HR5,2020-05-08,2020-05-27T13:06:00+1200,2020-05-27T13:06:00+1200
upsert,2020_8006_HR4_HR5_ST6000049,A,ST6000049,9006000049,5,8006,2020_8006_HR4_HR5,2020-05-09,2020-05-27T13:06:15+1200,2020-05-27T13:06:15+1200
upsert,2020_8006_HR4_HR5_ST6000051,A,ST6000051,9006000051,4,8006,2020_8006_HR4_HR5,2020-05-10,2020-05-27T13:06:30+1200,2020-05-27T13:06:30+1200
upsert,2020_8006_HR4_HR5_ST6000064,A,ST6000064,9006000064,4,8006,2020_8006_HR4_HR5,2020-05-11,2020-05-27T13:06:45+1200,2020-05-27T13:06:45+1200
upsert,2020_8006_HR4_HR5_ST6000077,A,ST6000077,9006000077,4,8006,2020_8006_HR4_HR5,2020-05-12,2020-05-27T13:07:00+1200,2020-05-27T13:07:00+1200
upsert,2020_8006_HR4_HR5_ST6100085,A,ST6100085,9006100085,4,8006,2020_8006_HR4_HR5,2020-05-13,2020-05-27T13:07:15+1200,2020-05-27T13:07:15+1200
upsert,2020_8006_HR4_HR5_ST6000092,A,ST6000092,9006000092,4,8006,2020_8006_HR4_HR5,2020-05-14,2020-05-27T13:07:30+1200,2020-05-27T13:07:30+1200
upsert,2020_8006_HR3_ST6000102,A,ST6000102,9006000102,3,8006,2020_8006_HR3,2020-05-15,2020-05-27T13:07:45+1200,2020-05-27T13:07:45+1200
upsert,2020_8006_HR3_ST6000115,A,ST6000115,9006000115,3,8006,2020_8006_HR3,2020-05-16,2020-05-27T13:08:00+1200,2020-05-27T13:08:00+1200
upsert,2020_8006_HR3_ST6000128,A,ST6000128,9006000128,3,8006,2020_8006_HR3,2020-05-17,2020-05-27T13:08:15+1200,2020-05-27T13:08:15+1200
upsert,2020_8006_HR3_ST6000130,A,ST6000130,9006000130,3,8006,2020_8006_HR3,2020-05-18,2020-05-27T13:08:30+1200,2020-05-27T13:08:30+1200
upsert,2020_8006_HR3_ST6000143,A,ST6000143,9006000143,3,8006,2020_8006_HR3,2020-05-19,2020-05-27T13:08:44+1200,2020-05-27T13:08:44+1200
upsert,2020_8006_HR3_ST6000156,A,ST6000156,9006000156,3,8006,2020_8006_HR3,2020-05-20,2020-05-27T13:09:00+1200,2020-05-27T13:09:00+1200
upsert,2020_8006_JR_ST6000169,A,ST6000169,9006000169,2,8006,2020_8006_JR,2020-05-21,2020-05-27T13:09:15+1200,2020-05-27T13:09:15+1200
upsert,2020_8006_JR_ST6000171,A,ST6000171,9006000171,2,8006,2020_8006_JR,2020-05-22,2020-05-27T13:09:30+1200,2020-05-27T13:09:30+1200
upsert,2020_8006_JR_ST6000184,A,ST6000184,9006000184,2,8006,2020_8006_JR,2020-05-23,2020-05-27T13:09:45+1200,2020-05-27T13:09:45+1200
upsert,2020_8006_JR_ST6000197,A,ST6000197,9006000197,2,8006,2020_8006_JR,2020-05-24,2020-05-27T13:10:00+1200,2020-05-27T13:10:00+1200
upsert,2020_8006_JR_ST6000207,A,ST6000207,9006000207,1,8006,2020_8006_JR,2020-05-25,2020-05-27T13:10:15+1200,2020-05-27T13:10:15+1200
upsert,2020_8006_JR_ST6100215,A,ST6100215,9006100215,1,8006,2020_8006_JR,2020-05-26,2020-05-27T13:10:30+1200,2020-05-27T13:10:30+1200
upsert,2020_8006_JR_ST6000222,A,ST6000222,9006000222,1,8006,2020_8006_JR,2020-05-27,2020-05-27T13:10:45+1200,2020-05-27T13:10:45+1200
upsert,2020_8006_JR_ST6000235,A,ST6000235,9006000235,1,8006,2020_8006_JR,2020-05-28,2020-05-27T13:11:00+1200,2020-05-27T13:11:00+1200
upsert,2020_8006_JR_ST6000248,A,ST6000248,9006000248,1,8006,2020_8006_JR,2020-05-29,2020-05-27T13:11:14+1200,2020-05-27T13:11:14+1200
upsert,2020_8006_HR6_ST6000250,A,ST6000250,9006000250,6,8006,2020_8006_HR6,2020-05-30,2020-05-27T13:11:30+1200,2020-05-27T13:11:30+1200
upsert,2020_8006_HR6_ST6000263,A,ST6000263,9006000263,6,8006,2020_8006_HR6,2020-05-31,2020-05-27T13:11:45+1200,2020-05-27T13:11:45+1200
upsert,2020_8006_HR6_ST6000276,A,ST6000276,9006000276,6,8006,2020_8006_HR6,2020-06-01,2020-05-27T13:12:00+1200,2020-05-27T13:12:00+1200
upsert,2020_8006_HR6_ST6000289,A,ST6000289,9006000289,6,8006,2020_8006_HR6,2020-06-02,2020-05-27T13:12:15+1200,2020-05-27T13:12:15+1200
upsert,2020_8006_HR4_HR5_ST6000291,A,ST6000291,9006000291,5,8006,2020_8006_HR4_HR5,2020-06-03,2020-05-27T13:12:30+1200,2020-05-27T13:12:30+1200
upsert,2020_8006_HR4_HR5_ST6000301,A,ST6000301,9006000301,5,8006,2020_8006_HR4_HR5,2020-06-04,2020-05-27T13:12:44+1200,2020-05-27T13:12:44+1200
upsert,2020_8006_HR4_HR5_ST6000314,A,ST6000314,9006000314,5,8006,2020_8006_HR4_HR5,2020-06-05,2020-05-27T13:13:00+1200,2020-05-27T13:13:00+1200
upsert,2020_8006_HR4_HR5_ST6000327,A,ST6000327,9006000327,5,8006,2020_8006_HR4_HR5,2020-06-06,2020-05-27T13:13:15+1200,2020-05-27T13:13:15+1200
upsert,2020_8006_HR4_HR5_ST6100335,A,ST6100335,9006100335,5,8006,2020_8006_HR4_HR5,2020-06-07,2020-05-27T13:13:30+1200,2020-05-27T13:13:30+1200
upsert,2020_8006_HR4_HR5_ST6000342,A,ST6000342,9006000342,4,8006,2020_8006_HR4_HR5,2020-06-08,2020-05-27T13:13:45+1200,2020-05-27T13:13:45+1200
upsert,2020_8006_HR4_HR5_ST6000355,A,ST6000355,9006000355,4,8006,2020_8006_HR4_HR5,2020-06-09,2020-05-27T13:14:00+1200,2020-05-27T13:14:00+1200
upsert,2020_8006_HR4_HR5_ST6000368,A,ST6000368,9006000368,4,8006,2020_8006_HR4_HR5,2020-06-10,2020-05-27T13:14:15+1200,2020-05-27T13:14:15+1200
upsert,2020_8006_HR4_HR5_ST6000370,A,ST6000370,9006000370,4,8006,2020_8006_HR4_HR5,2020-06-11,2020-05-27T13:14:30+1200,2020-05-27T13:14:30+1200
upsert,2020_8006_HR3_ST6000383,A,ST6000383,9006000383,3,8006,2020_8006_HR3,2020-06-12,2020-05-27T13:14:45+1200,2020-05-27T13:14:45+1200
upsert,2020_8006_HR3_ST6000396,A,ST6000396,9006000396,3,8006,2020_8006_HR3,2020-06-13,2020-05-27T13:15:00+1200,2020-05-27T13:15:00+1200
upsert,2020_8006_HR3_ST6000406,A,ST6000406,9006000406,3,8006,2020_8006_HR3,2020-06-14,2020-05-27T13:15:14+1200,2020-05-27T13:15:14+1200
upsert,2020_8006_JR_ST6000419,A,ST6000419,9006000419,2,8006,2020_8006_JR,2020-06-15,2020-05-27T13:15:30+1200,2020-05-27T13:15:30+1200
upsert,2020_8006_JR_ST6000421,A,ST6000421,9006000421,2,8006,2020_8006_JR,2020-06-16,2020-05-27T13:15:45+1200,2020-05-27T13:15:45+1200
upsert,2020_8006_JR_ST6000434,A,ST6000434,9006000434,2,8006,2020_8006_JR,2020-06-17,2020-05-27T13:16:00+1200,2020-05-27T13:16:00+1200
upsert,2020_8006_JR_ST6000447,A,ST6000447,9006000447,2,8006,2020_8006_JR,2020-06-18,2020-05-27T13:16:15+1200,2020-05-27T13:16:15+1200
upsert,2020_8006_JR_ST6100455,A,ST6100455,9006100455,2,8006,2020_8006_JR,2020-06-19,2020-05-27T13:16:30+1200,2020-05-27T13:16:30+1200
upsert,2020_8006_JR_ST6000462,A,ST6000462,9006000462,2,8006,2020_8006_JR,2020-06-20,2020-05-27T13:16:45+1200,2020-05-27T13:16:45+1200
upsert,2020_8006_JR_ST6000475,A,ST6000475,9006000475,1,8006,2020_8006_JR,2020-06-21,2020-05-27T13:17:00+1200,2020-05-27T13:17:00+1200
upsert,2020_8006_JR_ST6000488,A,ST6000488,9006000488,1,8006,2020_8006_JR,2020-06-22,2020-05-27T13:17:15+1200,2020-05-27T13:17:15+1200
upsert,2020_8006_JR_ST6000490,A,ST6000490,9006000490,1,8006,2020_8006_JR,2020-06-23,2020-05-27T13:17:30+1200,2020-05-27T13:17:30+1200
upsert,2020_8006_HR6_ST6000500,A,ST6000500,9006000500,6,8006,2020_8006_HR6,2020-06-24,2020-05-27T13:17:45+1200,2020-05-27T13:17:45+1200
upsert,2020_8006_HR6_ST6000513,A,ST6000513,9006000513,6,8006,2020_8006_HR6,2020-06-25,2020-05-27T13:18:00+1200,2020-05-27T13:18:00+1200
upsert,2020_8006_HR6_ST6000526,A,ST6000526,9006000526,6,8006,2020_8006_HR6,2020-06-26,2020-05-27T13:18:15+1200,2020-05-27T13:18:15+1200
upsert,2020_8006_HR6_ST6000539,A,ST6000539,9006000539,6,8006,2020_8006_HR6,2020-06-27,2020-05-27T13:18:30+1200,2020-05-27T13:18:30+1200
upsert,2020_8006_HR6_ST6000541,A,ST6000541,9006000541,6,8006,2020_8006_HR6,2020-06-28,2020-05-27T13:18:45+1200,2020-05-27T13:18:45+1200
upsert,2020_8006_HR6_ST6000554,A,ST6000554,9006000554,6,8006,2020_8006_HR6,2020-06-29,2020-05-27T13:19:00+1200,2020-05-27T13:19:00+1200
upsert,2020_8006_HR6_ST6000567,A,ST6000567,9006000567,6,8006,2020_8006_HR6,2020-06-30,2020-05-27T13:19:15+1200,2020-05-27T13:19:15+1200
upsert,2020_8006_HR4_HR5_ST6100575,A,ST6100575,9006100575,5,8006,2020_8006_HR4_HR5,2020-07-01,2020-05-27T13:19:30+1200,2020-05-27T13:19:30+1200
upsert,2020_8006_HR4_HR5_ST6000582,A,ST6000582,9006000582,5,8006,2020_8006_HR4_HR5,2020-07-02,2020-05-27T13:19:45+1200,2020-05-27T13:19:45+1200
upsert,2020_8006_HR4_HR5_ST6000595,A,ST6000595,9006000595,5,8006,2020_8006_HR4_HR5,2020-07-03,2020-05-27T13:19:59+1200,2020-05-27T13:19:59+1200
upsert,2020_8006_HR3_ST6000605,A,ST6000605,9006000605,3,8006,2020_8006_HR3,2020-07-04,2020-05-27T13:20:15+1200,2020-05-27T13:20:15+1200
upsert,2020_8006_HR3_ST6000618,A,ST6000618,9006000618,3,8006,2020_8006_HR3,2020-07-05,2020-05-27T13:20:30+1200,2020-05-27T13:20:30+1200
upsert,2020_8006_HR3_ST6000620,A,ST6000620,9006000620,3,8006,2020_8006_HR3,2020-07-06,2020-05-27T13:20:45+1200,2020-05-27T13:20:45+1200
upsert,2020_8006_HR3_ST6000633,A,ST6000633,9006000633,3,8006,2020_8006_HR3,2020-07-07,2020-05-27T13:21:00+1200,2020-05-27T13:21:00+1200
upsert,2020_8006_JR_ST6000646,A,ST6000646,9006000646,2,8006,2020_8006_JR,2020-07-08,2020-05-27T13:21:15+1200,2020-05-27T13:21:15+1200
upsert,2020_8006_JR_ST6000659,A,ST6000659,9006000659,2,8006,2020_8006_JR,2020-07-09,2020-05-27T13:21:30+1200,2020-05-27T13:21:30+1200
upsert,2020_8006_JR_ST6000661,A,ST6000661,9006000661,2,8006,2020_8006_JR,2020-07-10,2020-05-27T13:21:45+1200,2020-05-27T13:21:45+1200
upsert,2020_8006_JR_ST6000674,A,ST6000674,9006000674,2,8006,2020_8006_JR,2020-07-11,2020-05-27T13:22:00+1200,2020-05-27T13:22:00+1200
upsert,2020_8006_JR_ST6000687,A,ST6000687,9006000687,2,8006,2020_8006_JR,2020-07-12,2020-05-27T13:22:15+1200,2020-05-27T13:22:15+1200
upsert,2020_8006_JR_ST6100695,A,ST6100695,9006100695,2,8006,2020_8006_JR,2020-07-13,2020-05-27T13:22:29+1200,2020-05-27T13:22:29+1200
upsert,2020_8006_JR_ST6100705,A,ST6100705,9006100705,1,8006,2020_8006_JR,2020-07-14,2020-05-27T13:22:45+1200,2020-05-27T13:22:45+1200
upsert,2020_8006_JR_ST6000712,A,ST6000712,9006000712,1,8006,2020_8006_JR,2020-07-15,2020-05-27T13:23:00+1200,2020-05-27T13:23:00+1200
upsert,2020_8006_JR_ST6000725,A,ST6000725,9006000725,1,8006,2020_8006_JR,2020-07-16,2020-05-27T13:23:15+1200,2020-05-27T13:23:15+1200
upsert,2020_8006_JR_ST6000738,A,ST6000738,9006000738,1,8006,2020_8006_JR,2020-07-17,2020-05-27T13:23:30+1200,2020-05-27T13:23:30+1200
upsert,2020_8006_JR_ST6000740,A,ST6000740,9006000740,1,8006,2020_8006_JR,2020-07-18,2020-05-27T13:23:45+1200,2020-05-27T13:23:45+1200
upsert,2020_8006_HR4_HR5_ST6000753,A,ST6000753,9006000753,4,8006,2020_8006_HR4_HR5,2020-07-19,2020-05-27T13:23:59+1200,2020-05-27T13:23:59+1200
upsert,2020_8006_HR4_HR5_ST6000766,A,ST6000766,9006000766,4,8006,2020_8006_HR4_HR5,2020-07-20,2020-05-27T13:24:15+1200,2020-05-27T13:24:15+1200
upsert,2020_8006_HR3_ST6000779,A,ST6000779,9006000779,3,8006,2020_8006_HR3,2020-07-21,2020-05-27T13:24:30+1200,2020-05-27T13:24:30+1200
upsert,2020_8006_HR3_ST6000781,A,ST6000781,9006000781,3,8006,2020_8006_HR3,2020-07-22,2020-05-27T13:24:45+1200,2020-05-27T13:24:45+1200
upsert,2020_8006_JR_ST6000794,A,ST6000794,9006000794,2,8006,2020_8006_JR,2020-07-23,2020-05-27T13:25:00+1200,2020-05-27T13:25:00+1200
upsert,2020_8006_JR_ST6000804,A,ST6000804,9006000804,2,8006,2020_8006_JR,2020-07-24,2020-05-27T13:25:15+1200,2020-05-27T13:25:15+1200
upsert,2020_8006_JR_ST6000817,A,ST6000817,9006000817,2,8006,2020_8006_JR,2020-07-25,2020-05-27T13:25:30+1200,2020-05-27T13:25:30+1200
upsert,2020_8006_JR_ST6100825,A,ST6100825,9006100825,2,8006,2020_8006_JR,2020-07-26,2020-05-27T13:25:45+1200,2020-05-27T13:25:45+1200
upsert,2020_8006_JR_ST6000832,A,ST6000832,9006000832,2,8006,2020_8006_JR,2020-07-27,2020-05-27T13:26:00+1200,2020-05-27T13:26:00+1200
upsert,2020_8006_JR_ST6000845,A,ST6000845,9006000845,2,8006,2020_8006_JR,2020-07-28,2020-05-27T13:26:15+1200,2020-05-27T13:26:15+1200
upsert,2020_8006_JR_ST6000858,A,ST6000858,9006000858,1,8006,2020_8006_JR,2020-07-29,2020-05-27T13:26:29+1200,2020-05-27T13:26:29+1200
upsert,2020_8006_JR_ST6000860,A,ST6000860,9006000860,1,8006,2020_8006_JR,2020-07-30,2020-05-27T13:26:45+1200,2020-05-27T13:26:45+1200
upsert,2020_8006_JR_ST6000873,A,ST6000873,9006000873,1,8006,2020_8006_JR,2020-07-31,2020-05-27T13:27:00+1200,2020-05-27T13:27:00+1200
upsert,2020_8007_HR12_HR13_ST7000005,A,ST7000005,9007000005,13,8007,2020_8007_HR12_HR13,2020-08-01,2020-05-27T13:27:15+1200,2020-05-27T13:27:15+1200
upsert,2020_8007_HR12_HR13_ST7000018,A,ST7000018,9007000018,13,8007,2020_8007_HR12_HR13,2020-08-02,2020-05-27T13:27:30+1200,2020-05-27T13:27:30+1200
upsert,2020_8007_HR12_HR13_ST7000020,A,ST7000020,9007000020,13,8007,2020_8007_HR12_HR13,2020-08-03,2020-05-27T13:27:45+1200,2020-05-27T13:27:45+1200
upsert,2020_8007_HR12_HR13_ST7000033,A,ST7000033,9007000033,13,8007,2020_8007_HR12_HR13,2020-08-04,2020-05-27T13:28:00+1200,2020-05-27T13:28:00+1200
upsert,2020_8007_HR12_HR13_ST7000046,A,ST7000046,9007000046,12,8007,2020_8007_HR12_HR13,2020-08-05,2020-05-27T13:28:15+1200,2020-05-27T13:28:15+1200
upsert,2020_8007_HR12_HR13_ST7000059,A,ST7000059,9007000059,12,8007,2020_8007_HR12_HR13,2020-08-06,2020-05-27T13:28:30+1200,2020-05-27T13:28:30+1200
upsert,2020_8007_HR12_HR13_ST7000061,A,ST7000061,9007000061,12,8007,2020_8007_HR12_HR13,2020-08-07,2020-05-27T13:28:45+1200,2020-05-27T13:28:45+1200
upsert,2020_8007_HR11_ST7000074,A,ST7000074,9007000074,11,8007,2020_8007_HR11,2020-08-08,2020-05-27T13:29:00+1200,2020-05-27T13:29:00+1200
upsert,2020_8007_HR11_ST7000087,A,ST7000087,9007000087,11,8007,2020_8007_HR11,2020-08-09,2020-05-27T13:29:15+1200,2020-05-27T13:29:15+1200
upsert,2020_8007_HR11_ST7100095,A,ST7100095,9007100095,11,8007,2020_8007_HR11,2020-08-10,2020-05-27T13:29:30+1200,2020-05-27T13:29:30+1200
upsert,2020_8007_HR11_ST7100105,A,ST7100105,9007100105,11,8007,2020_8007_HR11,2020-08-11,2020-05-27T13:29:45+1200,2020-05-27T13:29:45+1200
upsert,2020_8007_HR10_ST7000112,A,ST7000112,9007000112,10,8007,2020_8007_HR10,2020-08-12,2020-05-27T13:30:00+1200,2020-05-27T13:30:00+1200
upsert,2020_8007_HR10_ST7000125,A,ST7000125,9007000125,10,8007,2020_8007_HR10,2020-08-13,2020-05-27T13:30:15+1200,2020-05-27T13:30:15+1200
upsert,2020_8007_HR10_ST7000138,A,ST7000138,9007000138,10,8007,2020_8007_HR10,2020-08-14,2020-05-27T13:30:30+1200,2020-05-27T13:30:30+1200
upsert,2020_8007_HR10_ST7000140,A,ST7000140,9007000140,10,8007,2020_8007_HR10,2020-08-15,2020-05-27T13:30:45+1200,2020-05-27T13:30:45+1200
upsert,2020_8007_HR10_ST7000153,A,ST7000153,9007000153,10,8007,2020_8007_HR10,2020-08-16,2020-05-27T13:31:00+1200,2020-05-27T13:31:00+1200
upsert,2020_8007_HR10_ST7000166,A,ST7000166,9007000166,10,8007,2020_8007_HR10,2020-08-17,2020-05-27T13:31:14+1200,2020-05-27T13:31:14+1200
upsert,2020_8007_HR9_ST7000179,A,ST7000179,9007000179,9,8007,2020_8007_HR9,2020-08-18,2020-05-27T13:31:30+1200,2020-05-27T13:31:30+1200
upsert,2020_8007_HR9_ST7000181,A,ST7000181,9007000181,9,8007,2020_8007_HR9,2020-08-19,2020-05-27T13:31:45+1200,2020-05-27T13:31:45+1200
upsert,2020_8007_HR9_ST7000194,A,ST7000194,9007000194,9,8007,2020_8007_HR9,2020-08-20,2020-05-27T13:32:00+1200,2020-05-27T13:32:00+1200
upsert,2020_8007_HR9_ST7000204,A,ST7000204,9007000204,9,8007,2020_8007_HR9,2020-08-21,2020-05-27T13:32:15+1200,2020-05-27T13:32:15+1200
upsert,2020_8007_HR9_ST7000217,A,ST7000217,9007000217,9,8007,2020_8007_HR9,2020-08-22,2020-05-27T13:32:30+1200,2020-05-27T13:32:30+1200
upsert,2020_8007_HR9_ST7100225,A,ST7100225,9007100225,9,8007,2020_8007_HR9,2020-08-23,2020-05-27T13:32:45+1200,2020-05-27T13:32:45+1200
upsert,2020_8007_HR9_ST7000232,A,ST7000232,9007000232,9,8007,2020_8007_HR9,2020-08-24,2020-05-27T13:33:00+1200,2020-05-27T13:33:00+1200
upsert,2020_8007_HR9_ST7000245,A,ST7000245,9007000245,9,8007,2020_8007_HR9,2020-08-25,2020-05-27T13:33:15+1200,2020-05-27T13:33:15+1200
upsert,2020_8007_HR12_HR13_ST7000258,A,ST7000258,9007000258,13,8007,2020_8007_HR12_HR13,2020-08-26,2020-05-27T13:33:30+1200,2020-05-27T13:33:30+1200
upsert,2020_8007_HR12_HR13_ST7000260,A,ST7000260,9007000260,13,8007,2020_8007_HR12_HR13,2020-08-27,2020-05-27T13:33:44+1200,2020-05-27T13:33:44+1200
upsert,2020_8007_HR12_HR13_ST7000273,A,ST7000273,9007000273,13,8007,2020_8007_HR12_HR13,2020-08-28,2020-05-27T13:34:00+1200,2020-05-27T13:34:00+1200
upsert,2020_8007_HR12_HR13_ST7000286,A,ST7000286,9007000286,13,8007,2020_8007_HR12_HR13,2020-08-29,2020-05-27T13:34:15+1200,2020-05-27T13:34:15+1200
upsert,2020_8007_HR12_HR13_ST7000299,A,ST7000299,9007000299,12,8007,2020_8007_HR12_HR13,2020-08-30,2020-05-27T13:34:30+1200,2020-05-27T13:34:30+1200
upsert,2020_8007_HR12_HR13_ST7000309,A,ST7000309,9007000309,12,8007,2020_8007_HR12_HR13,2020-08-31,2020-05-27T13:34:45+1200,2020-05-27T13:34:45+1200
upsert,2020_8007_HR11_ST7000311,A,ST7000311,9007000311,11,8007,2020_8007_HR11,2020-09-01,2020-05-27T13:35:00+1200,2020-05-27T13:35:00+1200
upsert,2020_8007_HR11_ST7000324,A,ST7000324,9007000324,11,8007,2020_8007_HR11,2020-09-02,2020-05-27T13:35:14+1200,2020-05-27T13:35:14+1200
upsert,2020_8007_HR11_ST7000337,A,ST7000337,9007000337,11,8007,2020_8007_HR11,2020-09-03,2020-05-27T13:35:30+1200,2020-05-27T13:35:30+1200
upsert,2020_8007_HR11_ST7100345,A,ST7100345,9007100345,11,8007,2020_8007_HR11,2020-09-04,2020-05-27T13:35:45+1200,2020-05-27T13:35:45+1200
upsert,2020_8007_HR11_ST7000352,A,ST7000352,9007000352,11,8007,2020_8007_HR11,2020-09-05,2020-05-27T13:36:00+1200,2020-05-27T13:36:00+1200
upsert,2020_8007_HR10_ST7000365,A,ST7000365,9007000365,10,8007,2020_8007_HR10,2020-09-06,2020-05-27T13:36:15+1200,2020-05-27T13:36:15+1200
upsert,2020_8007_HR10_ST7000378,A,ST7000378,9007000378,10,8007,2020_8007_HR10,2020-09-07,2020-05-27T13:36:30+1200,2020-05-27T13:36:30+1200
upsert,2020_8007_HR10_ST7000380,A,ST7000380,9007000380,10,8007,2020_8007_HR10,2020-09-08,2020-05-27T13:36:45+1200,2020-05-27T13:36:45+1200
upsert,2020_8007_HR10_ST7000393,A,ST7000393,9007000393,10,8007,2020_8007_HR10,2020-09-09,2020-05-27T13:37:00+1200,2020-05-27T13:37:00+1200
upsert,2020_8007_HR10_ST7000403,A,ST7000403,9007000403,10,8007,2020_8007_HR10,2020-09-10,2020-05-27T13:37:15+1200,2020-05-27T13:37:15+1200
upsert,2020_8007_HR10_ST7000416,A,ST7000416,9007000416,10,8007,2020_8007_HR10,2020-09-11,2020-05-27T13:37:30+1200,2020-05-27T13:37:30+1200
upsert,2020_8007_HR10_ST7000429,A,ST7000429,9007000429,10,8007,2020_8007_HR10,2020-09-12,2020-05-27T13:37:44+1200,2020-05-27T13:37:44+1200
upsert,2020_8007_HR10_ST7000431,A,ST7000431,9007000431,10,8007,2020_8007_HR10,2020-09-13,2020-05-27T13:38:00+1200,2020-05-27T13:38:00+1200
upsert,2020_8007_HR9_ST7000444,A,ST7000444,9007000444,9,8007,2020_8007_HR9,2020-09-14,2020-05-27T13:38:15+1200,2020-05-27T13:38:15+1200
upsert,2020_8007_HR9_ST7000457,A,ST7000457,9007000457,9,8007,2020_8007_HR9,2020-09-15,2020-05-27T13:38:30+1200,2020-05-27T13:38:30+1200
upsert,2020_8007_HR9_ST7100465,A,ST7100465,9007100465,9,8007,2020_8007_HR9,2020-09-16,2020-05-27T13:38:45+1200,2020-05-27T13:38:45+1200
upsert,2020_8007_HR9_ST7000472,A,ST7000472,9007000472,9,8007,2020_8007_HR9,2020-09-17,2020-05-27T13:39:00+1200,2020-05-27T13:39:00+1200
upsert,2020_8007_HR9_ST7000485,A,ST7000485,9007000485,9,8007,2020_8007_HR9,2020-09-18,2020-05-27T13:39:15+1200,2020-05-27T13:39:15+1200
upsert,2020_8007_HR9_ST7000498,A,ST7000498,9007000498,9,8007,2020_8007_HR9,2020-09-19,2020-05-27T13:39:30+1200,2020-05-27T13:39:30+1200
upsert,2020_8007_HR12_HR13_ST7000508,A,ST7000508,9007000508,13,8007,2020_8007_HR12_HR13,2020-09-20,2020-05-27T13:39:45+1200,2020-05-27T13:39:45+1200
upsert,2020_8007_HR12_HR13_ST7000510,A,ST7000510,9007000510,13,8007,2020_8007_HR12_HR13,2020-09-21,2020-05-27T13:40:00+1200,2020-05-27T13:40:00+1200
upsert,2020_8007_HR12_HR13_ST7000523,A,ST7000523,9007000523,13,8007,2020_8007_HR12_HR13,2020-09-22,2020-05-27T13:40:15+1200,2020-05-27T13:40:15+1200
upsert,2020_8007_HR12_HR13_ST7000536,A,ST7000536,9007000536,13,8007,2020_8007_HR12_HR13,2020-09-23,2020-05-27T13:40:30+1200,2020-05-27T13:40:30+1200
upsert,2020_8007_HR12_HR13_ST7000549,A,ST7000549,9007000549,13,8007,2020_8007_HR12_HR13,2020-09-24,2020-05-27T13:40:45+1200,2020-05-27T13:40:45+1200
upsert,2020_8007_HR12_HR13_ST7000551,A,ST7000551,9007000551,13,8007,2020_8007_HR12_HR13,2020-09-25,2020-05-27T13:41:00+1200,2020-05-27T13:41:00+1200
upsert,2020_8007_HR12_HR13_ST7000564,A,ST7000564,9007000564,13,8007,2020_8007_HR12_HR13,2020-09-26,2020-05-27T13:41:15+1200,2020-05-27T13:41:15+1200
upsert,2020_8007_HR12_HR13_ST7000577,A,ST7000577,9007000577,13,8007,2020_8007_HR12_HR13,2020-09-27,2020-05-27T13:41:30+1200,2020-05-27T13:41:30+1200
upsert,2020_8007_HR12_HR13_ST7100585,A,ST7100585,9007100585,12,8007,2020_8007_HR12_HR13,2020-09-28,2020-05-27T13:41:45+1200,2020-05-27T13:41:45+1200
upsert,2020_8007_HR11_ST7000592,A,ST7000592,9007000592,11,8007,2020_8007_HR11,2020-09-29,2020-05-27T13:42:00+1200,2020-05-27T13:42:00+1200
upsert,2020_8007_HR11_ST7000602,A,ST7000602,9007000602,11,8007,2020_8007_HR11,2020-09-30,2020-05-27T13:42:15+1200,2020-05-27T13:42:15+1200
upsert,2020_8007_HR11_ST7000615,A,ST7000615,9007000615,11,8007,2020_8007_HR11,2020-10-01,2020-05-27T13:42:29+1200,2020-05-27T13:42:29+1200
upsert,2020_8007_HR11_ST7000628,A,ST7000628,9007000628,11,8007,2020_8007_HR11,2020-10-02,2020-05-27T13:42:45+1200,2020-05-27T13:42:45+1200
upsert,2020_8007_HR11_ST7000630,A,ST7000630,9007000630,11,8007,2020_8007_HR11,2020-10-03,2020-05-27T13:43:00+1200,2020-05-27T13:43:00+1200
upsert,2020_8007_HR10_ST7000643,A,ST7000643,9007000643,10,8007,2020_8007_HR10,2020-10-04,2020-05-27T13:43:15+1200,2020-05-27T13:43:15+1200
upsert,2020_8007_HR10_ST7000656,A,ST7000656,9007000656,10,8007,2020_8007_HR10,2020-10-05,2020-05-27T13:43:30+1200,2020-05-27T13:43:30+1200
upsert,2020_8007_HR10_ST7000669,A,ST7000669,9007000669,10,8007,2020_8007_HR10,2020-10-06,2020-05-27T13:43:45+1200,2020-05-27T13:43:45+1200
upsert,2020_8007_HR10_ST7000671,A,ST7000671,9007000671,10,8007,2020_8007_HR10,2020-10-07,2020-05-27T13:44:00+1200,2020-05-27T13:44:00+1200
upsert,2020_8007_HR10_ST7000684,A,ST7000684,9007000684,10,8007,2020_8007_HR10,2020-10-08,2020-05-27T13:44:15+1200,2020-05-27T13:44:15+1200
upsert,2020_8007_HR9_ST7000697,A,ST7000697,9007000697,9,8007,2020_8007_HR9,2020-10-09,2020-05-27T13:44:30+1200,2020-05-27T13:44:30+1200
upsert,2020_8007_HR9_ST7000707,A,ST7000707,9007000707,9,8007,2020_8007_HR9,2020-10-10,2020-05-27T13:44:45+1200,2020-05-27T13:44:45+1200
upsert,2020_8007_HR9_ST7100715,A,ST7100715,9007100715,9,8007,2020_8007_HR9,2020-10-11,2020-05-27T13:44:59+1200,2020-05-27T13:44:59+1200
upsert,2020_8007_HR9_ST7000722,A,ST7000722,9007000722,9,8007,2020_8007_HR9,2020-10-12,2020-05-27T13:45:15+1200,2020-05-27T13:45:15+1200
upsert,2020_8007_HR9_ST7000735,A,ST7000735,9007000735,9,8007,2020_8007_HR9,2020-10-13,2020-05-27T13:45:30+1200,2020-05-27T13:45:30+1200
upsert,2020_8007_HR9_ST7000748,A,ST7000748,9007000748,9,8007,2020_8007_HR9,2020-10-14,2020-05-27T13:45:45+1200,2020-05-27T13:45:45+1200
upsert,2020_8007_HR12_HR13_ST7000750,A,ST7000750,9007000750,12,8007,2020_8007_HR12_HR13,2020-10-15,2020-05-27T13:46:00+1200,2020-05-27T13:46:00+1200
upsert,2020_8007_HR11_ST7000763,A,ST7000763,9007000763,11,8007,2020_8007_HR11,2020-10-16,2020-05-27T13:46:15+1200,2020-05-27T13:46:15+1200
upsert,2020_8008_HR11_HR13_ST8000002,A,ST8000002,9008000002,13,8008,2020_8008_HR11_HR13,2020-10-17,2020-05-27T13:46:29+1200,2020-05-27T13:46:29+1200
upsert,2020_8008_HR11_HR13_ST8000015,A,ST8000015,9008000015,13,8008,2020_8008_HR11_HR13,2020-10-18,2020-05-27T13:46:45+1200,2020-05-27T13:46:45+1200
upsert,2020_8008_HR11_HR13_ST8000028,A,ST8000028,9008000028,13,8008,2020_8008_HR11_HR13,2020-10-19,2020-05-27T13:47:00+1200,2020-05-27T13:47:00+1200
upsert,2020_8008_HR11_HR13_ST8000030,A,ST8000030,9008000030,13,8008,2020_8008_HR11_HR13,2020-10-20,2020-05-27T13:47:15+1200,2020-05-27T13:47:15+1200
upsert,2020_8008_HR11_HR13_ST8000043,A,ST8000043,9008000043,12,8008,2020_8008_HR11_HR13,2020-10-21,2020-05-27T13:47:30+1200,2020-05-27T13:47:30+1200
upsert,2020_8008_HR11_HR13_ST8000056,A,ST8000056,9008000056,12,8008,2020_8008_HR11_HR13,2020-10-22,2020-05-27T13:47:45+1200,2020-05-27T13:47:45+1200
upsert,2020_8008_HR11_HR13_ST8000069,A,ST8000069,9008000069,11,8008,2020_8008_HR11_HR13,2020-10-23,2020-05-27T13:48:00+1200,2020-05-27T13:48:00+1200
upsert,2020_8008_HR11_HR13_ST8000071,A,ST8000071,9008000071,11,8008,2020_8008_HR11_HR13,2020-10-24,2020-05-27T13:48:15+1200,2020-05-27T13:48:15+1200
upsert,2020_8008_HR11_HR13_ST8000084,A,ST8000084,9008000084,11,8008,2020_8008_HR11_HR13,2020-10-25,2020-05-27T13:48:30+1200,2020-05-27T13:48:30+1200
upsert,2020_8008_HR10_ST8000097,A,ST8000097,9008000097,10,8008,2020_8008_HR10,2020-10-26,2020-05-27T13:48:45+1200,2020-05-27T13:48:45+1200
upsert,2020_8008_HR10_ST8000107,A,ST8000107,9008000107,10,8008,2020_8008_HR10,2020-10-27,2020-05-27T13:48:59+1200,2020-05-27T13:48:59+1200
upsert,2020_8008_HR10_ST8100115,A,ST8100115,9008100115,10,8008,2020_8008_HR10,2020-10-28,2020-05-27T13:49:15+1200,2020-05-27T13:49:15+1200
upsert,2020_8008_HR9_ST8000122,A,ST8000122,9008000122,9,8008,2020_8008_HR9,2020-10-29,2020-05-27T13:49:30+1200,2020-05-27T13:49:30+1200
upsert,2020_8008_HR9_ST8000135,A,ST8000135,9008000135,9,8008,2020_8008_HR9,2020-10-30,2020-05-27T13:49:45+1200,2020-05-27T13:49:45+1200
upsert,2020_8008_HR9_ST8000148,A,ST8000148,9008000148,9,8008,2020_8008_HR9,2020-10-31,2020-05-27T13:50:00+1200,2020-05-27T13:50:00+1200
upsert,2020_8008_HR7_HR8_ST8000150,A,ST8000150,9008000150,8,8008,2020_8008_HR7_HR8,2020-11-01,2020-05-27T13:50:15+1200,2020-05-27T13:50:15+1200
upsert,2020_8008_HR7_HR8_ST8000163,A,ST8000163,9008000163,8,8008,2020_8008_HR7_HR8,2020-11-02,2020-05-27T13:50:30+1200,2020-05-27T13:50:30+1200
upsert,2020_8008_HR7_HR8_ST8000176,A,ST8000176,9008000176,8,8008,2020_8008_HR7_HR8,2020-11-03,2020-05-27T13:50:45+1200,2020-05-27T13:50:45+1200
upsert,2020_8008_HR7_HR8_ST8000189,A,ST8000189,9008000189,8,8008,2020_8008_HR7_HR8,2020-11-04,2020-05-27T13:51:00+1200,2020-05-27T13:51:00+1200
upsert,2020_8008_HR7_HR8_ST8000191,A,ST8000191,9008000191,7,8008,2020_8008_HR7_HR8,2020-11-05,2020-05-27T13:51:15+1200,2020-05-27T13:51:15+1200
upsert,2020_8008_HR7_HR8_ST8000201,A,ST8000201,9008000201,7,8008,2020_8008_HR7_HR8,2020-11-06,2020-05-27T13:51:30+1200,2020-05-27T13:51:30+1200
upsert,2020_8008_HR7_HR8_ST8000214,A,ST8000214,9008000214,7,8008,2020_8008_HR7_HR8,2020-11-07,2020-05-27T13:51:45+1200,2020-05-27T13:51:45+1200
upsert,2020_8008_HR7_HR8_ST8000227,A,ST8000227,9008000227,7,8008,2020_8008_HR7_HR8,2020-11-08,2020-05-27T13:52:00+1200,2020-05-27T13:52:00+1200
upsert,2020_8008_HR7_HR8_ST8100235,A,ST8100235,9008100235,7,8008,2020_8008_HR7_HR8,2020-11-09,2020-05-27T13:52:15+1200,2020-05-27T13:52:15+1200
upsert,2020_8008_HR7_HR8_ST8000242,A,ST8000242,9008000242,7,8008,2020_8008_HR7_HR8,2020-11-11,2020-05-27T13:52:30+1200,2020-05-27T13:52:30+1200
upsert,2020_8008_HR11_HR13_ST8000255,A,ST8000255,9008000255,13,8008,2020_8008_HR11_HR13,2020-11-12,2020-05-27T13:52:45+1200,2020-05-27T13:52:45+1200
upsert,2020_8008_HR11_HR13_ST8000268,A,ST8000268,9008000268,12,8008,2020_8008_HR11_HR13,2020-11-13,2020-05-27T13:53:00+1200,2020-05-27T13:53:00+1200
upsert,2020_8008_HR11_HR13_ST8000270,A,ST8000270,9008000270,12,8008,2020_8008_HR11_HR13,2020-11-14,2020-05-27T13:53:15+1200,2020-05-27T13:53:15+1200
upsert,2020_8008_HR11_HR13_ST8000283,A,ST8000283,9008000283,12,8008,2020_8008_HR11_HR13,2020-11-15,2020-05-27T13:53:30+1200,2020-05-27T13:53:30+1200
upsert,2020_8008_HR11_HR13_ST8000296,A,ST8000296,9008000296,11,8008,2020_8008_HR11_HR13,2020-11-16,2020-05-27T13:53:44+1200,2020-05-27T13:53:44+1200
upsert,2020_8008_HR10_ST8000306,A,ST8000306,9008000306,10,8008,2020_8008_HR10,2020-11-17,2020-05-27T13:54:00+1200,2020-05-27T13:54:00+1200
upsert,2020_8008_HR10_ST8000319,A,ST8000319,9008000319,10,8008,2020_8008_HR10,2020-11-18,2020-05-27T13:54:15+1200,2020-05-27T13:54:15+1200
upsert,2020_8008_HR10_ST8000321,A,ST8000321,9008000321,10,8008,2020_8008_HR10,2020-11-19,2020-05-27T13:54:30+1200,2020-05-27T13:54:30+1200
upsert,2020_8008_HR10_ST8000334,A,ST8000334,9008000334,10,8008,2020_8008_HR10,2020-11-20,2020-05-27T13:54:45+1200,2020-05-27T13:54:45+1200
upsert,2020_8008_HR10_ST8000347,A,ST8000347,9008000347,10,8008,2020_8008_HR10,2020-11-21,2020-05-27T13:55:00+1200,2020-05-27T13:55:00+1200
upsert,2020_8008_HR10_ST8100355,A,ST8100355,9008100355,10,8008,2020_8008_HR10,2020-11-22,2020-05-27T13:55:15+1200,2020-05-27T13:55:15+1200
upsert,2020_8008_HR10_ST8000362,A,ST8000362,9008000362,10,8008,2020_8008_HR10,2020-11-23,2020-05-27T13:55:30+1200,2020-05-27T13:55:30+1200
upsert,2020_8008_HR9_ST8000375,A,ST8000375,9008000375,9,8008,2020_8008_HR9,2020-11-24,2020-05-27T13:55:45+1200,2020-05-27T13:55:45+1200
upsert,2020_8008_HR9_ST8000388,A,ST8000388,9008000388,9,8008,2020_8008_HR9,2020-11-25,2020-05-27T13:56:00+1200,2020-05-27T13:56:00+1200
upsert,2020_8008_HR9_ST8000390,A,ST8000390,9008000390,9,8008,2020_8008_HR9,2020-11-26,2020-05-27T13:56:14+1200,2020-05-27T13:56:14+1200
upsert,2020_8008_HR9_ST8000400,A,ST8000400,9008000400,9,8008,2020_8008_HR9,2020-11-27,2020-05-27T13:56:30+1200,2020-05-27T13:56:30+1200
upsert,2020_8008_HR9_ST8000413,A,ST8000413,9008000413,9,8008,2020_8008_HR9,2020-11-28,2020-05-27T13:56:45+1200,2020-05-27T13:56:45+1200
upsert,2020_8008_HR7_HR8_ST8000426,A,ST8000426,9008000426,8,8008,2020_8008_HR7_HR8,2020-11-29,2020-05-27T13:57:00+1200,2020-05-27T13:57:00+1200
upsert,2020_8008_HR7_HR8_ST8000439,A,ST8000439,9008000439,8,8008,2020_8008_HR7_HR8,2020-11-30,2020-05-27T13:57:15+1200,2020-05-27T13:57:15+1200
upsert,2020_8008_HR7_HR8_ST8000441,A,ST8000441,9008000441,8,8008,2020_8008_HR7_HR8,2020-12-01,2020-05-27T13:57:30+1200,2020-05-27T13:57:30+1200
upsert,2020_8008_HR7_HR8_ST8000454,A,ST8000454,9008000454,8,8008,2020_8008_HR7_HR8,2020-12-02,2020-05-27T13:57:44+1200,2020-05-27T13:57:44+1200
upsert,2020_8008_HR7_HR8_ST8000467,A,ST8000467,9008000467,8,8008,2020_8008_HR7_HR8,2020-12-03,2020-05-27T13:58:00+1200,2020-05-27T13:58:00+1200
upsert,2020_8008_HR7_HR8_ST8100475,A,ST8100475,9008100475,8,8008,2020_8008_HR7_HR8,2020-12-04,2020-05-27T13:58:15+1200,2020-05-27T13:58:15+1200
upsert,2020_8008_HR7_HR8_ST8000482,A,ST8000482,9008000482,7,8008,2020_8008_HR7_HR8,2020-12-05,2020-05-27T13:58:30+1200,2020-05-27T13:58:30+1200
upsert,2020_8008_HR7_HR8_ST8000495,A,ST8000495,9008000495,7,8008,2020_8008_HR7_HR8,2020-12-06,2020-05-27T13:58:45+1200,2020-05-27T13:58:45+1200
upsert,2020_8008_HR11_HR13_ST8000505,A,ST8000505,9008000505,13,8008,2020_8008_HR11_HR13,2020-12-07,2020-05-27T13:59:00+1200,2020-05-27T13:59:00+1200
upsert,2020_8008_HR11_HR13_ST8000518,A,ST8000518,9008000518,13,8008,2020_8008_HR11_HR13,2020-12-08,2020-05-27T13:59:15+1200,2020-05-27T13:59:15+1200
upsert,2020_8008_HR11_HR13_ST8000520,A,ST8000520,9008000520,12,8008,2020_8008_HR11_HR13,2020-12-09,2020-05-27T13:59:30+1200,2020-05-27T13:59:30+1200
upsert,2020_8008_HR11_HR13_ST8000533,A,ST8000533,9008000533,12,8008,2020_8008_HR11_HR13,2020-12-10,2020-05-27T13:59:45+1200,2020-05-27T13:59:45+1200
upsert,2020_8008_HR11_HR13_ST8000546,A,ST8000546,9008000546,11,8008,2020_8008_HR11_HR13,2020-12-11,2020-05-27T14:00:00+1200,2020-05-27T14:00:00+1200
upsert,2020_8008_HR11_HR13_ST8000559,A,ST8000559,9008000559,11,8008,2020_8008_HR11_HR13,2020-12-12,2020-05-27T14:00:14+1200,2020-05-27T14:00:14+1200
upsert,2020_8008_HR11_HR13_ST8000561,A,ST8000561,9008000561,11,8008,2020_8008_HR11_HR13,2020-12-13,2020-05-27T14:00:30+1200,2020-05-27T14:00:30+1200
upsert,2020_8008_HR11_HR13_ST8000574,A,ST8000574,9008000574,11,8008,2020_8008_HR11_HR13,2020-12-14,2020-05-27T14:00:45+1200,2020-05-27T14:00:45+1200
upsert,2020_8008_HR10_ST8000587,A,ST8000587,9008000587,10,8008,2020_8008_HR10,2020-12-15,2020-05-27T14:01:00+1200,2020-05-27T14:01:00+1200
upsert,2020_8008_HR10_ST8100595,A,ST8100595,9008100595,10,8008,2020_8008_HR10,2020-12-16,2020-05-27T14:01:15+1200,2020-05-27T14:01:15+1200
upsert,2020_8008_HR10_ST8100605,A,ST8100605,9008100605,10,8008,2020_8008_HR10,2020-12-17,2020-05-27T14:01:30+1200,2020-05-27T14:01:30+1200
upsert,2020_8008_HR9_ST8000612,A,ST8000612,9008000612,9,8008,2020_8008_HR9,2020-12-18,2020-05-27T14:01:45+1200,2020-05-27T14:01:45+1200
upsert,2020_8008_HR9_ST8000625,A,ST8000625,9008000625,9,8008,2020_8008_HR9,2020-12-19,2020-05-27T14:02:00+1200,2020-05-27T14:02:00+1200
upsert,2020_8008_HR9_ST8000638,A,ST8000638,9008000638,9,8008,2020_8008_HR9,2020-12-20,2020-05-27T14:02:15+1200,2020-05-27T14:02:15+1200
upsert,2020_8008_HR9_ST8000640,A,ST8000640,9008000640,9,8008,2020_8008_HR9,2020-12-21,2020-05-27T14:02:30+1200,2020-05-27T14:02:30+1200
