_op,StudentTeachingGroupEnrolmentLocalId,Student.LocalId,Student.NationalStudentNumber,Student.YearLevel,Organisation.RefId,TeachingGroup.LocalId,StartDate
upsert,2020_8005_HR7_HR8_ST5000000,ST5000000,9005000000,8,8005,2020_8005_HR7_HR8,2020-01-27T00:00:00+12:00
upsert,2020_8005_HR7_HR8_ST5000013,ST5000013,9005000013,7,8005,2020_8005_HR7_HR8,2020-01-28T00:00:00+12:00
upsert,2020_8005_HR6_ST5000026,ST5000026,9005000026,6,8005,2020_8005_HR6,2020-01-29T00:00:00+12:00
upsert,2020_8005_HR6_ST5000039,ST5000039,9005000039,6,8005,2020_8005_HR6,2020-01-30T00:00:00+12:00
upsert,2020_8005_HR6_ST5000041,ST5000041,9005000041,6,8005,2020_8005_HR6,2020-01-31T00:00:00+12:00
upsert,2020_8005_HR6_ST5000054,ST5000054,9005000054,6,8005,2020_8005_HR6,2020-02-01T00:00:00+12:00
upsert,2020_8005_HR6_ST5000067,ST5000067,9005000067,6,8005,2020_8005_HR6,2020-02-02T00:00:00+12:00
upsert,2020_8005_HR6_ST5100075,ST5100075,9005100075,6,8005,2020_8005_HR6,2020-02-03T00:00:00+12:00
upsert,2020_8005_HR5_ST5000082,ST5000082,9005000082,5,8005,2020_8005_HR5,2020-02-04T00:00:00+12:00
upsert,2020_8005_HR4_ST5000095,ST5000095,9005000095,4,8005,2020_8005_HR4,2020-02-05T00:00:00+12:00
upsert,2020_8005_HR4_ST5000105,ST5000105,9005000105,4,8005,2020_8005_HR4,2020-02-06T00:00:00+12:00
upsert,2020_8005_HR3_ST5000118,ST5000118,9005000118,3,8005,2020_8005_HR3,2020-02-07T00:00:00+12:00
upsert,2020_8005_HR3_ST5000120,ST5000120,9005000120,3,8005,2020_8005_HR3,2020-02-08T00:00:00+12:00
upsert,2020_8005_HR3_ST5000133,ST5000133,9005000133,3,8005,2020_8005_HR3,2020-02-09T00:00:00+12:00
upsert,2020_8005_HR3_ST5000146,ST5000146,9005000146,3,8005,2020_8005_HR3,2020-02-10T00:00:00+12:00
upsert,2020_8005_HR3_ST5000159,ST5000159,9005000159,3,8005,2020_8005_HR3,2020-02-11T00:00:00+12:00
upsert,2020_8005_JR_ST5000161,ST5000161,9005000161,2,8005,2020_8005_JR,2020-02-12T00:00:00+12:00
upsert,2020_8005_JR_ST5000174,ST5000174,9005000174,2,8005,2020_8005_JR,2020-02-13T00:00:00+12:00
upsert,2020_8005_JR_ST5000187,ST5000187,9005000187,2,8005,2020_8005_JR,2020-02-14T00:00:00+12:00
upsert,2020_8005_JR_ST5100195,ST5100195,9005100195,2,8005,2020_8005_JR,2020-02-15T00:00:00+12:00
upsert,2020_8005_JR_ST5100205,ST5100205,9005100205,2,8005,2020_8005_JR,2020-02-16T00:00:00+12:00
upsert,2020_8005_JR_ST5000212,ST5000212,9005000212,1,8005,2020_8005_JR,2020-02-17T00:00:00+12:00
upsert,2020_8005_JR_ST5000225,ST5000225,9005000225,1,8005,2020_8005_JR,2020-02-18T00:00:00+12:00
upsert,2020_8005_JR_ST5000238,ST5000238,9005000238,1,8005,2020_8005_JR,2020-02-19T00:00:00+12:00
upsert,2020_8005_JR_ST5000240,ST5000240,9005000240,1,8005,2020_8005_JR,2020-02-20T00:00:00+12:00
upsert,2020_8005_HR7_HR8_ST5000253,ST5000253,9005000253,8,8005,2020_8005_HR7_HR8,2020-02-21T00:00:00+12:00
upsert,2020_8005_HR7_HR8_ST5000266,ST5000266,9005000266,8,8005,2020_8005_HR7_HR8,2020-02-22T00:00:00+12:00
upsert,2020_8005_HR7_HR8_ST5000279,ST5000279,9005000279,7,8005,2020_8005_HR7_HR8,2020-02-23T00:00:00+12:00
upsert,2020_8005_HR7_HR8_ST5000281,ST5000281,9005000281,7,8005,2020_8005_HR7_HR8,2020-02-24T00:00:00+12:00
upsert,2020_8005_HR7_HR8_ST5000294,ST5000294,9005000294,7,8005,2020_8005_HR7_HR8,2020-02-25T00:00:00+12:00
upsert,2020_8005_HR7_HR8_ST5000304,ST5000304,9005000304,7,8005,2020_8005_HR7_HR8,2020-02-26T00:00:00+12:00
upsert,2020_8005_HR6_ST5000317,ST5000317,9005000317,6,8005,2020_8005_HR6,2020-02-27T00:00:00+12:00
upsert,2020_8005_HR6_ST5100325,ST5100325,9005100325,6,8005,2020_8005_HR6,2020-02-28T00:00:00+12:00
upsert,2020_8005_HR6_ST5000332,ST5000332,9005000332,6,8005,2020_8005_HR6,2020-02-29T00:00:00+12:00
upsert,2020_8005_HR6_ST5000345,ST5000345,9005000345,6,8005,2020_8005_HR6,2020-03-01T00:00:00+12:00
upsert,2020_8005_HR5_ST5000358,ST5000358,9005000358,5,8005,2020_8005_HR5,2020-03-02T00:00:00+12:00
upsert,2020_8005_HR5_ST5000360,ST5000360,9005000360,5,8005,2020_8005_HR5,2020-03-03T00:00:00+12:00
upsert,2020_8005_HR5_ST5000373,ST5000373,9005000373,5,8005,2020_8005_HR5,2020-03-04T00:00:00+12:00
upsert,2020_8005_HR5_ST5000386,ST5000386,9005000386,5,8005,2020_8005_HR5,2020-03-05T00:00:00+12:00
upsert,2020_8005_HR5_ST5000399,ST5000399,9005000399,5,8005,2020_8005_HR5,2020-03-06T00:00:00+12:00
upsert,2020_8005_HR5_ST5000409,ST5000409,9005000409,5,8005,2020_8005_HR5,2020-03-07T00:00:00+12:00
upsert,2020_8005_HR5_ST5000411,ST5000411,9005000411,5,8005,2020_8005_HR5,2020-03-08T00:00:00+12:00
upsert,2020_8005_HR4_ST5000424,ST5000424,9005000424,4,8005,2020_8005_HR4,2020-03-09T00:00:00+12:00
upsert,2020_8005_HR4_ST5000437,ST5000437,9005000437,4,8005,2020_8005_HR4,2020-03-10T00:00:00+12:00
upsert,2020_8005_HR4_ST5100445,ST5100445,9005100445,4,8005,2020_8005_HR4,2020-03-11T00:00:00+12:00
upsert,2020_8005_HR3_ST5000452,ST5000452,9005000452,3,8005,2020_8005_HR3,2020-03-12T00:00:00+12:00
upsert,2020_8005_HR3_ST5000465,ST5000465,9005000465,3,8005,2020_8005_HR3,2020-03-13T00:00:00+12:00
upsert,2020_8005_JR_ST5000478,ST5000478,9005000478,2,8005,2020_8005_JR,2020-03-14T00:00:00+12:00
upsert,2020_8005_JR_ST5000480,ST5000480,9005000480,2,8005,2020_8005_JR,2020-03-15T00:00:00+12:00
upsert,2020_8005_JR_ST5000493,ST5000493,9005000493,1,8005,2020_8005_JR,2020-03-16T00:00:00+12:00
upsert,2020_8005_HR7_HR8_ST5000503,ST5000503,9005000503,8,8005,2020_8005_HR7_HR8,2020-03-17T00:00:00+12:00
upsert,2020_8005_HR7_HR8_ST5000516,ST5000516,9005000516,8,8005,2020_8005_HR7_HR8,2020-03-18T00:00:00+12:00
upsert,2020_8005_HR7_HR8_ST5000529,ST5000529,9005000529,8,8005,2020_8005_HR7_HR8,2020-03-19T00:00:00+12:00
upsert,2020_8005_HR7_HR8_ST5000531,ST5000531,9005000531,7,8005,2020_8005_HR7_HR8,2020-03-20T00:00:00+12:00
upsert,2020_8005_HR7_HR8_ST5000544,ST5000544,9005000544,7,8005,2020_8005_HR7_HR8,2020-03-21T00:00:00+12:00
upsert,2020_8005_HR7_HR8_ST5000557,ST5000557,9005000557,7,8005,2020_8005_HR7_HR8,2020-03-22T00:00:00+12:00
upsert,2020_8005_HR6_ST5100565,ST5100565,9005100565,6,8005,2020_8005_HR6,2020-03-23T00:00:00+12:00
upsert,2020_8005_HR6_ST5000572,ST5000572,9005000572,6,8005,2020_8005_HR6,2020-03-24T00:00:00+12:00
upsert,2020_8005_HR6_ST5000585,ST5000585,9005000585,6,8005,2020_8005_HR6,2020-03-25T00:00:00+12:00
upsert,2020_8005_HR6_ST5000598,ST5000598,9005000598,6,8005,2020_8005_HR6,2020-03-26T00:00:00+12:00
upsert,2020_8005_HR5_ST5000608,ST5000608,9005000608,5,8005,2020_8005_HR5,2020-03-27T00:00:00+12:00
upsert,2020_8005_HR5_ST5000610,ST5000610,9005000610,5,8005,2020_8005_HR5,2020-03-28T00:00:00+12:00
upsert,2020_8005_HR5_ST5000623,ST5000623,9005000623,5,8005,2020_8005_HR5,2020-03-29T00:00:00+12:00
upsert,2020_8005_HR5_ST5000636,ST5000636,9005000636,5,8005,2020_8005_HR5,2020-03-30T00:00:00+12:00
upsert,2020_8005_HR4_ST5000649,ST5000649,9005000649,4,8005,2020_8005_HR4,2020-03-31T00:00:00+12:00
upsert,2020_8005_HR4_ST5000651,ST5000651,9005000651,4,8005,2020_8005_HR4,2020-04-01T00:00:00+12:00
upsert,2020_8005_HR4_ST5000664,ST5000664,9005000664,4,8005,2020_8005_HR4,2020-04-02T00:00:00+12:00
upsert,2020_8005_HR4_ST5000677,ST5000677,9005000677,4,8005,2020_8005_HR4,2020-04-03T00:00:00+12:00
upsert,2020_8005_HR3_ST5100685,ST5100685,9005100685,3,8005,2020_8005_HR3,2020-04-04T00:00:00+12:00
upsert,2020_8005_HR3_ST5000692,ST5000692,9005000692,3,8005,2020_8005_HR3,2020-04-05T00:00:00+12:00
upsert,2020_8005_JR_ST5000702,ST5000702,9005000702,2,8005,2020_8005_JR,2020-04-06T00:00:00+12:00
upsert,2020_8005_JR_ST5000715,ST5000715,9005000715,2,8005,2020_8005_JR,2020-04-07T00:00:00+12:00
upsert,2020_8005_JR_ST5000728,ST5000728,9005000728,1,8005,2020_8005_JR,2020-04-08T00:00:00+12:00
upsert,2020_8005_JR_ST5000730,ST5000730,9005000730,1,8005,2020_8005_JR,2020-04-09T00:00:00+12:00
upsert,2020_8005_JR_ST5000743,ST5000743,9005000743,1,8005,2020_8005_JR,2020-04-10T00:00:00+12:00
upsert,2020_8005_HR7_HR8_ST5000756,ST5000756,9005000756,8,8005,2020_8005_HR7_HR8,2020-04-11T00:00:00+12:00
upsert,2020_8005_HR7_HR8_ST5000769,ST5000769,9005000769,8,8005,2020_8005_HR7_HR8,2020-04-12T00:00:00+12:00
upsert,2020_8005_HR7_HR8_ST5000771,ST5000771,9005000771,7,8005,2020_8005_HR7_HR8,2020-04-13T00:00:00+12:00
upsert,2020_8005_HR7_HR8_ST5000784,ST5000784,9005000784,7,8005,2020_8005_HR7_HR8,2020-04-14T00:00:00+12:00
upsert,2020_8005_HR6_ST5000797,ST5000797,9005000797,6,8005,2020_8005_HR6,2020-04-15T00:00:00+12:00
upsert,2020_8005_HR6_ST5000807,ST5000807,9005000807,6,8005,2020_8005_HR6,2020-04-16T00:00:00+12:00
upsert,2020_8005_HR6_ST5100815,ST5100815,9005100815,6,8005,2020_8005_HR6,2020-04-17T00:00:00+12:00
upsert,2020_8005_HR5_ST5000822,ST5000822,9005000822,5,8005,2020_8005_HR5,2020-04-18T00:00:00+12:00
upsert,2020_8005_HR5_ST5000835,ST5000835,9005000835,5,8005,2020_8005_HR5,2020-04-19T00:00:00+12:00
upsert,2020_8005_HR4_ST5000848,ST5000848,9005000848,4,8005,2020_8005_HR4,2020-04-20T00:00:00+12:00
upsert,2020_8005_HR4_ST5000850,ST5000850,9005000850,4,8005,2020_8005_HR4,2020-04-21T00:00:00+12:00
upsert,2020_8005_HR4_ST5000863,ST5000863,9005000863,4,8005,2020_8005_HR4,2020-04-22T00:00:00+12:00
upsert,2020_8005_HR4_ST5000876,ST5000876,9005000876,4,8005,2020_8005_HR4,2020-04-23T00:00:00+12:00
upsert,2020_8005_HR4_ST5000889,ST5000889,9005000889,4,8005,2020_8005_HR4,2020-04-24T00:00:00+12:00
upsert,2020_8005_HR3_ST5000891,ST5000891,9005000891,3,8005,2020_8005_HR3,2020-04-25T00:00:00+12:00
upsert,2020_8005_HR3_ST5000901,ST5000901,9005000901,3,8005,2020_8005_HR3,2020-04-26T00:00:00+12:00
upsert,2020_8005_HR3_ST5000914,ST5000914,9005000914,3,8005,2020_8005_HR3,2020-04-27T00:00:00+12:00
upsert,2020_8005_JR_ST5000927,ST5000927,9005000927,2,8005,2020_8005_JR,2020-04-28T00:00:00+12:00
upsert,2020_8005_JR_ST5100935,ST5100935,9005100935,2,8005,2020_8005_JR,2020-04-29T00:00:00+12:00
upsert,2020_8005_JR_ST5000942,ST5000942,9005000942,2,8005,2020_8005_JR,2020-04-30T00:00:00+12:00
upsert,2020_8005_JR_ST5000955,ST5000955,9005000955,1,8005,2020_8005_JR,2020-05-01T00:00:00+12:00
upsert,2020_8005_JR_ST5000968,ST5000968,9005000968,1,8005,2020_8005_JR,2020-05-02T00:00:00+12:00
upsert,2020_8005_JR_ST5000970,ST5000970,9005000970,1,8005,2020_8005_JR,2020-05-03T00:00:00+12:00
upsert,2020_8005_JR_ST5000983,ST5000983,9005000983,1,8005,2020_8005_JR,2020-05-04T00:00:00+12:00
upsert,2020_8006_HR6_ST6000008,ST6000008,9006000008,6,8006,2020_8006_HR6,2020-05-05T00:00:00+12:00
upsert,2020_8006_HR6_ST6000010,ST6000010,9006000010,6,8006,2020_8006_HR6,2020-05-06T00:00:00+12:00
upsert,2020_8006_HR6_ST6000023,ST6000023,9006000023,6,8006,2020_8006_HR6,2020-05-07T00:00:00+12:00
upsert,2020_8006_HR4_HR5_ST6000036,ST6000036,9006000036,5,8006,2020_8006_HR4_HR5,2020-05-08T00:00:00+12:00
upsert,2020_8006_HR4_HR5_ST6000049,ST6000049,9006000049,5,8006,2020_8006_HR4_HR5,2020-05-09T00:00:00+12:00
upsert,2020_8006_HR4_HR5_ST6000051,ST6000051,9006000051,4,8006,2020_8006_HR4_HR5,2020-05-10T00:00:00+12:00
upsert,2020_8006_HR4_HR5_ST6000064,ST6000064,9006000064,4,8006,2020_8006_HR4_HR5,2020-05-11T00:00:00+12:00
upsert,2020_8006_HR4_HR5_ST6000077,ST6000077,9006000077,4,8006,2020_8006_HR4_HR5,2020-05-12T00:00:00+12:00
upsert,2020_8006_HR4_HR5_ST6100085,ST6100085,9006100085,4,8006,2020_8006_HR4_HR5,2020-05-13T00:00:00+12:00
upsert,2020_8006_HR4_HR5_ST6000092,ST6000092,9006000092,4,8006,2020_8006_HR4_HR5,2020-05-14T00:00:00+12:00
upsert,2020_8006_HR3_ST6000102,ST6000102,9006000102,3,8006,2020_8006_HR3,2020-05-15T00:00:00+12:00
upsert,2020_8006_HR3_ST6000115,ST6000115,9006000115,3,8006,2020_8006_HR3,2020-05-16T00:00:00+12:00
upsert,2020_8006_HR3_ST6000128,ST6000128,9006000128,3,8006,2020_8006_HR3,2020-05-17T00:00:00+12:00
upsert,2020_8006_HR3_ST6000130,ST6000130,9006000130,3,8006,2020_8006_HR3,2020-05-18T00:00:00+12:00
upsert,2020_8006_HR3_ST6000143,ST6000143,9006000143,3,8006,2020_8006_HR3,2020-05-19T00:00:00+12:00
upsert,2020_8006_HR3_ST6000156,ST6000156,9006000156,3,8006,2020_8006_HR3,2020-05-20T00:00:00+12:00
upsert,2020_8006_JR_ST6000169,ST6000169,9006000169,2,8006,2020_8006_JR,2020-05-21T00:00:00+12:00
upsert,2020_8006_JR_ST6000171,ST6000171,9006000171,2,8006,2020_8006_JR,2020-05-22T00:00:00+12:00
upsert,2020_8006_JR_ST6000184,ST6000184,9006000184,2,8006,2020_8006_JR,2020-05-23T00:00:00+12:00
upsert,2020_8006_JR_ST6000197,ST6000197,9006000197,2,8006,2020_8006_JR,2020-05-24T00:00:00+12:00
upsert,2020_8006_JR_ST6000207,ST6000207,9006000207,1,8006,2020_8006_JR,2020-05-25T00:00:00+12:00
upsert,2020_8006_JR_ST6100215,ST6100215,9006100215,1,8006,2020_8006_JR,2020-05-26T00:00:00+12:00
upsert,2020_8006_JR_ST6000222,ST6000222,9006000222,1,8006,2020_8006_JR,2020-05-27T00:00:00+12:00
upsert,2020_8006_JR_ST6000235,ST6000235,9006000235,1,8006,2020_8006_JR,2020-05-28T00:00:00+12:00
upsert,2020_8006_JR_ST6000248,ST6000248,9006000248,1,8006,2020_8006_JR,2020-05-29T00:00:00+12:00
upsert,2020_8006_HR6_ST6000250,ST6000250,9006000250,6,8006,2020_8006_HR6,2020-05-30T00:00:00+12:00
upsert,2020_8006_HR6_ST6000263,ST6000263,9006000263,6,8006,2020_8006_HR6,2020-05-31T00:00:00+12:00
upsert,2020_8006_HR6_ST6000276,ST6000276,9006000276,6,8006,2020_8006_HR6,2020-06-01T00:00:00+12:00
upsert,2020_8006_HR6_ST6000289,ST6000289,9006000289,6,8006,2020_8006_HR6,2020-06-02T00:00:00+12:00
upsert,2020_8006_HR4_HR5_ST6000291,ST6000291,9006000291,5,8006,2020_8006_HR4_HR5,2020-06-03T00:00:00+12:00
upsert,2020_8006_HR4_HR5_ST6000301,ST6000301,9006000301,5,8006,2020_8006_HR4_HR5,2020-06-04T00:00:00+12:00
upsert,2020_8006_HR4_HR5_ST6000314,ST6000314,9006000314,5,8006,2020_8006_HR4_HR5,2020-06-05T00:00:00+12:00
upsert,2020_8006_HR4_HR5_ST6000327,ST6000327,9006000327,5,8006,2020_8006_HR4_HR5,2020-06-06T00:00:00+12:00
upsert,2020_8006_HR4_HR5_ST6100335,ST6100335,9006100335,5,8006,2020_8006_HR4_HR5,2020-06-07T00:00:00+12:00
upsert,2020_8006_HR4_HR5_ST6000342,ST6000342,9006000342,4,8006,2020_8006_HR4_HR5,2020-06-08T00:00:00+12:00
upsert,2020_8006_HR4_HR5_ST6000355,ST6000355,9006000355,4,8006,2020_8006_HR4_HR5,2020-06-09T00:00:00+12:00
upsert,2020_8006_HR4_HR5_ST6000368,ST6000368,9006000368,4,8006,2020_8006_HR4_HR5,2020-06-10T00:00:00+12:00
upsert,2020_8006_HR4_HR5_ST6000370,ST6000370,9006000370,4,8006,2020_8006_HR4_HR5,2020-06-11T00:00:00+12:00
upsert,2020_8006_HR3_ST6000383,ST6000383,9006000383,3,8006,2020_8006_HR3,2020-06-12T00:00:00+12:00
upsert,2020_8006_HR3_ST6000396,ST6000396,9006000396,3,8006,2020_8006_HR3,2020-06-13T00:00:00+12:00
upsert,2020_8006_HR3_ST6000406,ST6000406,9006000406,3,8006,2020_8006_HR3,2020-06-14T00:00:00+12:00
upsert,2020_8006_JR_ST6000419,ST6000419,9006000419,2,8006,2020_8006_JR,2020-06-15T00:00:00+12:00
upsert,2020_8006_JR_ST6000421,ST6000421,9006000421,2,8006,2020_8006_JR,2020-06-16T00:00:00+12:00
upsert,2020_8006_JR_ST6000434,ST6000434,9006000434,2,8006,2020_8006_JR,2020-06-17T00:00:00+12:00
upsert,2020_8006_JR_ST6000447,ST6000447,9006000447,2,8006,2020_8006_JR,2020-06-18T00:00:00+12:00
upsert,2020_8006_JR_ST6100455,ST6100455,9006100455,2,8006,2020_8006_JR,2020-06-19T00:00:00+12:00
upsert,2020_8006_JR_ST6000462,ST6000462,9006000462,2,8006,2020_8006_JR,2020-06-20T00:00:00+12:00
upsert,2020_8006_JR_ST6000475,ST6000475,9006000475,1,8006,2020_8006_JR,2020-06-21T00:00:00+12:00
upsert,2020_8006_JR_ST6000488,ST6000488,9006000488,1,8006,2020_8006_JR,2020-06-22T00:00:00+12:00
upsert,2020_8006_JR_ST6000490,ST6000490,9006000490,1,8006,2020_8006_JR,2020-06-23T00:00:00+12:00
upsert,2020_8006_HR6_ST6000500,ST6000500,9006000500,6,8006,2020_8006_HR6,2020-06-24T00:00:00+12:00
upsert,2020_8006_HR6_ST6000513,ST6000513,9006000513,6,8006,2020_8006_HR6,2020-06-25T00:00:00+12:00
upsert,2020_8006_HR6_ST6000526,ST6000526,9006000526,6,8006,2020_8006_HR6,2020-06-26T00:00:00+12:00
upsert,2020_8006_HR6_ST6000539,ST6000539,9006000539,6,8006,2020_8006_HR6,2020-06-27T00:00:00+12:00
upsert,2020_8006_HR6_ST6000541,ST6000541,9006000541,6,8006,2020_8006_HR6,2020-06-28T00:00:00+12:00
upsert,2020_8006_HR6_ST6000554,ST6000554,9006000554,6,8006,2020_8006_HR6,2020-06-29T00:00:00+12:00
upsert,2020_8006_HR6_ST6000567,ST6000567,9006000567,6,8006,2020_8006_HR6,2020-06-30T00:00:00+12:00
upsert,2020_8006_HR4_HR5_ST6100575,ST6100575,9006100575,5,8006,2020_8006_HR4_HR5,2020-07-01T00:00:00+12:00
upsert,2020_8006_HR4_HR5_ST6000582,ST6000582,9006000582,5,8006,2020_8006_HR4_HR5,2020-07-02T00:00:00+12:00
upsert,2020_8006_HR4_HR5_ST6000595,ST6000595,9006000595,5,8006,2020_8006_HR4_HR5,2020-07-03T00:00:00+12:00
upsert,2020_8006_HR3_ST6000605,ST6000605,9006000605,3,8006,2020_8006_HR3,2020-07-04T00:00:00+12:00
upsert,2020_8006_HR3_ST6000618,ST6000618,9006000618,3,8006,2020_8006_HR3,2020-07-05T00:00:00+12:00
upsert,2020_8006_HR3_ST6000620,ST6000620,9006000620,3,8006,2020_8006_HR3,2020-07-06T00:00:00+12:00
upsert,2020_8006_HR3_ST6000633,ST6000633,9006000633,3,8006,2020_8006_HR3,2020-07-07T00:00:00+12:00
upsert,2020_8006_JR_ST6000646,ST6000646,9006000646,2,8006,2020_8006_JR,2020-07-08T00:00:00+12:00
upsert,2020_8006_JR_ST6000659,ST6000659,9006000659,2,8006,2020_8006_JR,2020-07-09T00:00:00+12:00
upsert,2020_8006_JR_ST6000661,ST6000661,9006000661,2,8006,2020_8006_JR,2020-07-10T00:00:00+12:00
upsert,2020_8006_JR_ST6000674,ST6000674,9006000674,2,8006,2020_8006_JR,2020-07-11T00:00:00+12:00
upsert,2020_8006_JR_ST6000687,ST6000687,9006000687,2,8006,2020_8006_JR,2020-07-12T00:00:00+12:00
upsert,2020_8006_JR_ST6100695,ST6100695,9006100695,2,8006,2020_8006_JR,2020-07-13T00:00:00+12:00
upsert,2020_8006_JR_ST6100705,ST6100705,9006100705,1,8006,2020_8006_JR,2020-07-14T00:00:00+12:00
upsert,2020_8006_JR_ST6000712,ST6000712,9006000712,1,8006,2020_8006_JR,2020-07-15T00:00:00+12:00
upsert,2020_8006_JR_ST6000725,ST6000725,9006000725,1,8006,2020_8006_JR,2020-07-16T00:00:00+12:00
upsert,2020_8006_JR_ST6000738,ST6000738,9006000738,1,8006,2020_8006_JR,2020-07-17T00:00:00+12:00
upsert,2020_8006_JR_ST6000740,ST6000740,9006000740,1,8006,2020_8006_JR,2020-07-18T00:00:00+12:00
upsert,2020_8006_HR4_HR5_ST6000753,ST6000753,9006000753,4,8006,2020_8006_HR4_HR5,2020-07-19T00:00:00+12:00
upsert,2020_8006_HR4_HR5_ST6000766,ST6000766,9006000766,4,8006,2020_8006_HR4_HR5,2020-07-20T00:00:00+12:00
upsert,2020_8006_HR3_ST6000779,ST6000779,9006000779,3,8006,2020_8006_HR3,2020-07-21T00:00:00+12:00
upsert,2020_8006_HR3_ST6000781,ST6000781,9006000781,3,8006,2020_8006_HR3,2020-07-22T00:00:00+12:00
upsert,2020_8006_JR_ST6000794,ST6000794,9006000794,2,8006,2020_8006_JR,2020-07-23T00:00:00+12:00
upsert,2020_8006_JR_ST6000804,ST6000804,9006000804,2,8006,2020_8006_JR,2020-07-24T00:00:00+12:00
upsert,2020_8006_JR_ST6000817,ST6000817,9006000817,2,8006,2020_8006_JR,2020-07-25T00:00:00+12:00
upsert,2020_8006_JR_ST6100825,ST6100825,9006100825,2,8006,2020_8006_JR,2020-07-26T00:00:00+12:00
upsert,2020_8006_JR_ST6000832,ST6000832,9006000832,2,8006,2020_8006_JR,2020-07-27T00:00:00+12:00
upsert,2020_8006_JR_ST6000845,ST6000845,9006000845,2,8006,2020_8006_JR,2020-07-28T00:00:00+12:00
upsert,2020_8006_JR_ST6000858,ST6000858,9006000858,1,8006,2020_8006_JR,2020-07-29T00:00:00+12:00
upsert,2020_8006_JR_ST6000860,ST6000860,9006000860,1,8006,2020_8006_JR,2020-07-30T00:00:00+12:00
upsert,2020_8006_JR_ST6000873,ST6000873,9006000873,1,8006,2020_8006_JR,2020-07-31T00:00:00+12:00
upsert,2020_8007_HR12_HR13_ST7000005,ST7000005,9007000005,13,8007,2020_8007_HR12_HR13,2020-08-01T00:00:00+12:00
upsert,2020_8007_HR12_HR13_ST7000018,ST7000018,9007000018,13,8007,2020_8007_HR12_HR13,2020-08-02T00:00:00+12:00
upsert,2020_8007_HR12_HR13_ST7000020,ST7000020,9007000020,13,8007,2020_8007_HR12_HR13,2020-08-03T00:00:00+12:00
upsert,2020_8007_HR12_HR13_ST7000033,ST7000033,9007000033,13,8007,2020_8007_HR12_HR13,2020-08-04T00:00:00+12:00
upsert,2020_8007_HR12_HR13_ST7000046,ST7000046,9007000046,12,8007,2020_8007_HR12_HR13,2020-08-05T00:00:00+12:00
upsert,2020_8007_HR12_HR13_ST7000059,ST7000059,9007000059,12,8007,2020_8007_HR12_HR13,2020-08-06T00:00:00+12:00
upsert,2020_8007_HR12_HR13_ST7000061,ST7000061,9007000061,12,8007,2020_8007_HR12_HR13,2020-08-07T00:00:00+12:00
upsert,2020_8007_HR11_ST7000074,ST7000074,9007000074,11,8007,2020_8007_HR11,2020-08-08T00:00:00+12:00
upsert,2020_8007_HR11_ST7000087,ST7000087,9007000087,11,8007,2020_8007_HR11,2020-08-09T00:00:00+12:00
upsert,2020_8007_HR11_ST7100095,ST7100095,9007100095,11,8007,2020_8007_HR11,2020-08-10T00:00:00+12:00
upsert,2020_8007_HR11_ST7100105,ST7100105,9007100105,11,8007,2020_8007_HR11,2020-08-11T00:00:00+12:00
upsert,2020_8007_HR10_ST7000112,ST7000112,9007000112,10,8007,2020_8007_HR10,2020-08-12T00:00:00+12:00
upsert,2020_8007_HR10_ST7000125,ST7000125,9007000125,10,8007,2020_8007_HR10,2020-08-13T00:00:00+12:00
upsert,2020_8007_HR10_ST7000138,ST7000138,9007000138,10,8007,2020_8007_HR10,2020-08-14T00:00:00+12:00
upsert,2020_8007_HR10_ST7000140,ST7000140,9007000140,10,8007,2020_8007_HR10,2020-08-15T00:00:00+12:00
upsert,2020_8007_HR10_ST7000153,ST7000153,9007000153,10,8007,2020_8007_HR10,2020-08-16T00:00:00+12:00
upsert,2020_8007_HR10_ST7000166,ST7000166,9007000166,10,8007,2020_8007_HR10,2020-08-17T00:00:00+12:00
upsert,2020_8007_HR9_ST7000179,ST7000179,9007000179,9,8007,2020_8007_HR9,2020-08-18T00:00:00+12:00
upsert,2020_8007_HR9_ST7000181,ST7000181,9007000181,9,8007,2020_8007_HR9,2020-08-19T00:00:00+12:00
upsert,2020_8007_HR9_ST7000194,ST7000194,9007000194,9,8007,2020_8007_HR9,2020-08-20T00:00:00+12:00
upsert,2020_8007_HR9_ST7000204,ST7000204,9007000204,9,8007,2020_8007_HR9,2020-08-21T00:00:00+12:00
upsert,2020_8007_HR9_ST7000217,ST7000217,9007000217,9,8007,2020_8007_HR9,2020-08-22T00:00:00+12:00
upsert,2020_8007_HR9_ST7100225,ST7100225,9007100225,9,8007,2020_8007_HR9,2020-08-23T00:00:00+12:00
upsert,2020_8007_HR9_ST7000232,ST7000232,9007000232,9,8007,2020_8007_HR9,2020-08-24T00:00:00+12:00
upsert,2020_8007_HR9_ST7000245,ST7000245,9007000245,9,8007,2020_8007_HR9,2020-08-25T00:00:00+12:00
upsert,2020_8007_HR12_HR13_ST7000258,ST7000258,9007000258,13,8007,2020_8007_HR12_HR13,2020-08-26T00:00:00+12:00
upsert,2020_8007_HR12_HR13_ST7000260,ST7000260,9007000260,13,8007,2020_8007_HR12_HR13,2020-08-27T00:00:00+12:00
upsert,2020_8007_HR12_HR13_ST7000273,ST7000273,9007000273,13,8007,2020_8007_HR12_HR13,2020-08-28T00:00:00+12:00
upsert,2020_8007_HR12_HR13_ST7000286,ST7000286,9007000286,13,8007,2020_8007_HR12_HR13,2020-08-29T00:00:00+12:00
upsert,2020_8007_HR12_HR13_ST7000299,ST7000299,9007000299,12,8007,2020_8007_HR12_HR13,2020-08-30T00:00:00+12:00
upsert,2020_8007_HR12_HR13_ST7000309,ST7000309,9007000309,12,8007,2020_8007_HR12_HR13,2020-08-31T00:00:00+12:00
upsert,2020_8007_HR11_ST7000311,ST7000311,9007000311,11,8007,2020_8007_HR11,2020-09-01T00:00:00+12:00
upsert,2020_8007_HR11_ST7000324,ST7000324,9007000324,11,8007,2020_8007_HR11,2020-09-02T00:00:00+12:00
upsert,2020_8007_HR11_ST7000337,ST7000337,9007000337,11,8007,2020_8007_HR11,2020-09-03T00:00:00+12:00
upsert,2020_8007_HR11_ST7100345,ST7100345,9007100345,11,8007,2020_8007_HR11,2020-09-04T00:00:00+12:00
upsert,2020_8007_HR11_ST7000352,ST7000352,9007000352,11,8007,2020_8007_HR11,2020-09-05T00:00:00+12:00
upsert,2020_8007_HR10_ST7000365,ST7000365,9007000365,10,8007,2020_8007_HR10,2020-09-06T00:00:00+12:00
upsert,2020_8007_HR10_ST7000378,ST7000378,9007000378,10,8007,2020_8007_HR10,2020-09-07T00:00:00+12:00
upsert,2020_8007_HR10_ST7000380,ST7000380,9007000380,10,8007,2020_8007_HR10,2020-09-08T00:00:00+12:00
upsert,2020_8007_HR10_ST7000393,ST7000393,9007000393,10,8007,2020_8007_HR10,2020-09-09T00:00:00+12:00
upsert,2020_8007_HR10_ST7000403,ST7000403,9007000403,10,8007,2020_8007_HR10,2020-09-10T00:00:00+12:00
upsert,2020_8007_HR10_ST7000416,ST7000416,9007000416,10,8007,2020_8007_HR10,2020-09-11T00:00:00+12:00
upsert,2020_8007_HR10_ST7000429,ST7000429,9007000429,10,8007,2020_8007_HR10,2020-09-12T00:00:00+12:00
upsert,2020_8007_HR10_ST7000431,ST7000431,9007000431,10,8007,2020_8007_HR10,2020-09-13T00:00:00+12:00
upsert,2020_8007_HR9_ST7000444,ST7000444,9007000444,9,8007,2020_8007_HR9,2020-09-14T00:00:00+12:00
upsert,2020_8007_HR9_ST7000457,ST7000457,9007000457,9,8007,2020_8007_HR9,2020-09-15T00:00:00+12:00
upsert,2020_8007_HR9_ST7100465,ST7100465,9007100465,9,8007,2020_8007_HR9,2020-09-16T00:00:00+12:00
upsert,2020_8007_HR9_ST7000472,ST7000472,9007000472,9,8007,2020_8007_HR9,2020-09-17T00:00:00+12:00
upsert,2020_8007_HR9_ST7000485,ST7000485,9007000485,9,8007,2020_8007_HR9,2020-09-18T00:00:00+12:00
upsert,2020_8007_HR9_ST7000498,ST7000498,9007000498,9,8007,2020_8007_HR9,2020-09-19T00:00:00+12:00
upsert,2020_8007_HR12_HR13_ST7000508,ST7000508,9007000508,13,8007,2020_8007_HR12_HR13,2020-09-20T00:00:00+12:00
upsert,2020_8007_HR12_HR13_ST7000510,ST7000510,9007000510,13,8007,2020_8007_HR12_HR13,2020-09-21T00:00:00+12:00
upsert,2020_8007_HR12_HR13_ST7000523,ST7000523,9007000523,13,8007,2020_8007_HR12_HR13,2020-09-22T00:00:00+12:00
upsert,2020_8007_HR12_HR13_ST7000536,ST7000536,9007000536,13,8007,2020_8007_HR12_HR13,2020-09-23T00:00:00+12:00
upsert,2020_8007_HR12_HR13_ST7000549,ST7000549,9007000549,13,8007,2020_8007_HR12_HR13,2020-09-24T00:00:00+12:00
upsert,2020_8007_HR12_HR13_ST7000551,ST7000551,9007000551,13,8007,2020_8007_HR12_HR13,2020-09-25T00:00:00+12:00
upsert,2020_8007_HR12_HR13_ST7000564,ST7000564,9007000564,13,8007,2020_8007_HR12_HR13,2020-09-26T00:00:00+12:00
upsert,2020_8007_HR12_HR13_ST7000577,ST7000577,9007000577,13,8007,2020_8007_HR12_HR13,2020-09-27T00:00:00+12:00
upsert,2020_8007_HR12_HR13_ST7100585,ST7100585,9007100585,12,8007,2020_8007_HR12_HR13,2020-09-28T00:00:00+12:00
upsert,2020_8007_HR11_ST7000592,ST7000592,9007000592,11,8007,2020_8007_HR11,2020-09-29T00:00:00+12:00
upsert,2020_8007_HR11_ST7000602,ST7000602,9007000602,11,8007,2020_8007_HR11,2020-09-30T00:00:00+12:00
upsert,2020_8007_HR11_ST7000615,ST7000615,9007000615,11,8007,2020_8007_HR11,2020-10-01T00:00:00+12:00
upsert,2020_8007_HR11_ST7000628,ST7000628,9007000628,11,8007,2020_8007_HR11,2020-10-02T00:00:00+12:00
upsert,2020_8007_HR11_ST7000630,ST7000630,9007000630,11,8007,2020_8007_HR11,2020-10-03T00:00:00+12:00
upsert,2020_8007_HR10_ST7000643,ST7000643,9007000643,10,8007,2020_8007_HR10,2020-10-04T00:00:00+12:00
upsert,2020_8007_HR10_ST7000656,ST7000656,9007000656,10,8007,2020_8007_HR10,2020-10-05T00:00:00+12:00
upsert,2020_8007_HR10_ST7000669,ST7000669,9007000669,10,8007,2020_8007_HR10,2020-10-06T00:00:00+12:00
upsert,2020_8007_HR10_ST7000671,ST7000671,9007000671,10,8007,2020_8007_HR10,2020-10-07T00:00:00+12:00
upsert,2020_8007_HR10_ST7000684,ST7000684,9007000684,10,8007,2020_8007_HR10,2020-10-08T00:00:00+12:00
upsert,2020_8007_HR9_ST7000697,ST7000697,9007000697,9,8007,2020_8007_HR9,2020-10-09T00:00:00+12:00
upsert,2020_8007_HR9_ST7000707,ST7000707,9007000707,9,8007,2020_8007_HR9,2020-10-10T00:00:00+12:00
upsert,2020_8007_HR9_ST7100715,ST7100715,9007100715,9,8007,2020_8007_HR9,2020-10-11T00:00:00+12:00
upsert,2020_8007_HR9_ST7000722,ST7000722,9007000722,9,8007,2020_8007_HR9,2020-10-12T00:00:00+12:00
upsert,2020_8007_HR9_ST7000735,ST7000735,9007000735,9,8007,2020_8007_HR9,2020-10-13T00:00:00+12:00
upsert,2020_8007_HR9_ST7000748,ST7000748,9007000748,9,8007,2020_8007_HR9,2020-10-14T00:00:00+12:00
upsert,2020_8007_HR12_HR13_ST7000750,ST7000750,9007000750,12,8007,2020_8007_HR12_HR13,2020-10-15T00:00:00+12:00
upsert,2020_8007_HR11_ST7000763,ST7000763,9007000763,11,8007,2020_8007_HR11,2020-10-16T00:00:00+12:00
upsert,2020_8008_HR11_HR13_ST8000002,ST8000002,9008000002,13,8008,2020_8008_HR11_HR13,2020-10-17T00:00:00+12:00
upsert,2020_8008_HR11_HR13_ST8000015,ST8000015,9008000015,13,8008,2020_8008_HR11_HR13,2020-10-18T00:00:00+12:00
upsert,2020_8008_HR11_HR13_ST8000028,ST8000028,9008000028,13,8008,2020_8008_HR11_HR13,2020-10-19T00:00:00+12:00
upsert,2020_8008_HR11_HR13_ST8000030,ST8000030,9008000030,13,8008,2020_8008_HR11_HR13,2020-10-20T00:00:00+12:00
upsert,2020_8008_HR11_HR13_ST8000043,ST8000043,9008000043,12,8008,2020_8008_HR11_HR13,2020-10-21T00:00:00+12:00
upsert,2020_8008_HR11_HR13_ST8000056,ST8000056,9008000056,12,8008,2020_8008_HR11_HR13,2020-10-22T00:00:00+12:00
upsert,2020_8008_HR11_HR13_ST8000069,ST8000069,9008000069,11,8008,2020_8008_HR11_HR13,2020-10-23T00:00:00+12:00
upsert,2020_8008_HR11_HR13_ST8000071,ST8000071,9008000071,11,8008,2020_8008_HR11_HR13,2020-10-24T00:00:00+12:00
upsert,2020_8008_HR11_HR13_ST8000084,ST8000084,9008000084,11,8008,2020_8008_HR11_HR13,2020-10-25T00:00:00+12:00
upsert,2020_8008_HR10_ST8000097,ST8000097,9008000097,10,8008,2020_8008_HR10,2020-10-26T00:00:00+12:00
upsert,2020_8008_HR10_ST8000107,ST8000107,9008000107,10,8008,2020_8008_HR10,2020-10-27T00:00:00+12:00
upsert,2020_8008_HR10_ST8100115,ST8100115,9008100115,10,8008,2020_8008_HR10,2020-10-28T00:00:00+12:00
upsert,2020_8008_HR9_ST8000122,ST8000122,9008000122,9,8008,2020_8008_HR9,2020-10-29T00:00:00+12:00
upsert,2020_8008_HR9_ST8000135,ST8000135,9008000135,9,8008,2020_8008_HR9,2020-10-30T00:00:00+12:00
upsert,2020_8008_HR9_ST8000148,ST8000148,9008000148,9,8008,2020_8008_HR9,2020-10-31T00:00:00+12:00
upsert,2020_8008_HR7_HR8_ST8000150,ST8000150,9008000150,8,8008,2020_8008_HR7_HR8,2020-11-01T00:00:00+12:00
upsert,2020_8008_HR7_HR8_ST8000163,ST8000163,9008000163,8,8008,2020_8008_HR7_HR8,2020-11-02T00:00:00+12:00
upsert,2020_8008_HR7_HR8_ST8000176,ST8000176,9008000176,8,8008,2020_8008_HR7_HR8,2020-11-03T00:00:00+12:00
upsert,2020_8008_HR7_HR8_ST8000189,ST8000189,9008000189,8,8008,2020_8008_HR7_HR8,2020-11-04T00:00:00+12:00
upsert,2020_8008_HR7_HR8_ST8000191,ST8000191,9008000191,7,8008,2020_8008_HR7_HR8,2020-11-05T00:00:00+12:00
upsert,2020_8008_HR7_HR8_ST8000201,ST8000201,9008000201,7,8008,2020_8008_HR7_HR8,2020-11-06T00:00:00+12:00
upsert,2020_8008_HR7_HR8_ST8000214,ST8000214,9008000214,7,8008,2020_8008_HR7_HR8,2020-11-07T00:00:00+12:00
upsert,2020_8008_HR7_HR8_ST8000227,ST8000227,9008000227,7,8008,2020_8008_HR7_HR8,2020-11-08T00:00:00+12:00
upsert,2020_8008_HR7_HR8_ST8100235,ST8100235,9008100235,7,8008,2020_8008_HR7_HR8,2020-11-09T00:00:00+12:00
upsert,2020_8008_HR7_HR8_ST8000242,ST8000242,9008000242,7,8008,2020_8008_HR7_HR8,2020-11-11T00:00:00+12:00
upsert,2020_8008_HR11_HR13_ST8000255,ST8000255,9008000255,13,8008,2020_8008_HR11_HR13,2020-11-12T00:00:00+12:00
upsert,2020_8008_HR11_HR13_ST8000268,ST8000268,9008000268,12,8008,2020_8008_HR11_HR13,2020-11-13T00:00:00+12:00
upsert,2020_8008_HR11_HR13_ST8000270,ST8000270,9008000270,12,8008,2020_8008_HR11_HR13,2020-11-14T00:00:00+12:00
upsert,2020_8008_HR11_HR13_ST8000283,ST8000283,9008000283,12,8008,2020_8008_HR11_HR13,2020-11-15T00:00:00+12:00
upsert,2020_8008_HR11_HR13_ST8000296,ST8000296,9008000296,11,8008,2020_8008_HR11_HR13,2020-11-16T00:00:00+12:00
upsert,2020_8008_HR10_ST8000306,ST8000306,9008000306,10,8008,2020_8008_HR10,2020-11-17T00:00:00+12:00
upsert,2020_8008_HR10_ST8000319,ST8000319,9008000319,10,8008,2020_8008_HR10,2020-11-18T00:00:00+12:00
upsert,2020_8008_HR10_ST8000321,ST8000321,9008000321,10,8008,2020_8008_HR10,2020-11-19T00:00:00+12:00
upsert,2020_8008_HR10_ST8000334,ST8000334,9008000334,10,8008,2020_8008_HR10,2020-11-20T00:00:00+12:00
upsert,2020_8008_HR10_ST8000347,ST8000347,9008000347,10,8008,2020_8008_HR10,2020-11-21T00:00:00+12:00
upsert,2020_8008_HR10_ST8100355,ST8100355,9008100355,10,8008,2020_8008_HR10,2020-11-22T00:00:00+12:00
upsert,2020_8008_HR10_ST8000362,ST8000362,9008000362,10,8008,2020_8008_HR10,2020-11-23T00:00:00+12:00
upsert,2020_8008_HR9_ST8000375,ST8000375,9008000375,9,8008,2020_8008_HR9,2020-11-24T00:00:00+12:00
upsert,2020_8008_HR9_ST8000388,ST8000388,9008000388,9,8008,2020_8008_HR9,2020-11-25T00:00:00+12:00
upsert,2020_8008_HR9_ST8000390,ST8000390,9008000390,9,8008,2020_8008_HR9,2020-11-26T00:00:00+12:00
upsert,2020_8008_HR9_ST8000400,ST8000400,9008000400,9,8008,2020_8008_HR9,2020-11-27T00:00:00+12:00
upsert,2020_8008_HR9_ST8000413,ST8000413,9008000413,9,8008,2020_8008_HR9,2020-11-28T00:00:00+12:00
upsert,2020_8008_HR7_HR8_ST8000426,ST8000426,9008000426,8,8008,2020_8008_HR7_HR8,2020-11-29T00:00:00+12:00
upsert,2020_8008_HR7_HR8_ST8000439,ST8000439,9008000439,8,8008,2020_8008_HR7_HR8,2020-11-30T00:00:00+12:00
upsert,2020_8008_HR7_HR8_ST8000441,ST8000441,9008000441,8,8008,2020_8008_HR7_HR8,2020-12-01T00:00:00+12:00
upsert,2020_8008_HR7_HR8_ST8000454,ST8000454,9008000454,8,8008,2020_8008_HR7_HR8,2020-12-02T00:00:00+12:00
upsert,2020_8008_HR7_HR8_ST8000467,ST8000467,9008000467,8,8008,2020_8008_HR7_HR8,2020-12-03T00:00:00+12:00
upsert,2020_8008_HR7_HR8_ST8100475,ST8100475,9008100475,8,8008,2020_8008_HR7_HR8,2020-12-04T00:00:00+12:00
upsert,2020_8008_HR7_HR8_ST8000482,ST8000482,9008000482,7,8008,2020_8008_HR7_HR8,2020-12-05T00:00:00+12:00
upsert,2020_8008_HR7_HR8_ST8000495,ST8000495,9008000495,7,8008,2020_8008_HR7_HR8,2020-12-06T00:00:00+12:00
upsert,2020_8008_HR11_HR13_ST8000505,ST8000505,9008000505,13,8008,2020_8008_HR11_HR13,2020-12-07T00:00:00+12:00
upsert,2020_8008_HR11_HR13_ST8000518,ST8000518,9008000518,13,8008,2020_8008_HR11_HR13,2020-12-08T00:00:00+12:00
upsert,2020_8008_HR11_HR13_ST8000520,ST8000520,9008000520,12,8008,2020_8008_HR11_HR13,2020-12-09T00:00:00+12:00
upsert,2020_8008_HR11_HR13_ST8000533,ST8000533,9008000533,12,8008,2020_8008_HR11_HR13,2020-12-10T00:00:00+12:00
upsert,2020_8008_HR11_HR13_ST8000546,ST8000546,9008000546,11,8008,2020_8008_HR11_HR13,2020-12-11T00:00:00+12:00
upsert,2020_8008_HR11_HR13_ST8000559,ST8000559,9008000559,11,8008,2020_8008_HR11_HR13,2020-12-12T00:00:00+12:00
upsert,2020_8008_HR11_HR13_ST8000561,ST8000561,9008000561,11,8008,2020_8008_HR11_HR13,2020-12-13T00:00:00+12:00
upsert,2020_8008_HR11_HR13_ST8000574,ST8000574,9008000574,11,8008,2020_8008_HR11_HR13,2020-12-14T00:00:00+12:00
upsert,2020_8008_HR10_ST8000587,ST8000587,9008000587,10,8008,2020_8008_HR10,2020-12-15T00:00:00+12:00
upsert,2020_8008_HR10_ST8100595,ST8100595,9008100595,10,8008,2020_8008_HR10,2020-12-16T00:00:00+12:00
upsert,2020_8008_HR10_ST8100605,ST8100605,9008100605,10,8008,2020_8008_HR10,2020-12-17T00:00:00+12:00
upsert,2020_8008_HR9_ST8000612,ST8000612,9008000612,9,8008,2020_8008_HR9,2020-12-18T00:00:00+12:00
upsert,2020_8008_HR9_ST8000625,ST8000625,9008000625,9,8008,2020_8008_HR9,2020-12-19T00:00:00+12:00
upsert,2020_8008_HR9_ST8000638,ST8000638,9008000638,9,8008,2020_8008_HR9,2020-12-20T00:00:00+12:00
upsert,2020_8008_HR9_ST8000640,ST8000640,9008000640,9,8008,2020_8008_HR9,2020-12-21T00:00:00+12:00
