_op,StudentProviderEnrolmentLocalId,Student.LocalId,Student.NationalStudentNumber,Provider.RefId,StudentId,EntryDate,Status,ECEEducationHistoryList.ECEType.Type,EarlyChildhoodEnrolment.ECEYearLevel,EarlyChildhoodEnrolment.Curriculum,SchoolEnrolmentList.SchoolEnrolment.SchoolCalendarYear,SchoolEnrolmentList.SchoolEnrolment.StartDate,SchoolEnrolmentList.SchoolEnrolment.MembershipType,SchoolEnrolmentList.SchoolEnrolment.YearLevel,SchoolEnrolmentList.SchoolEnrolment.FTE,SchoolEnrolmentList.SchoolEnrolment.FundingType,SchoolEnrolmentList.SchoolEnrolment.FundingYearLevel,SchoolEnrolmentList.SchoolEnrolment.Curriculum,RecordAudit.CreatedDateTime,RecordAudit.LastUpdatedDateTime
upsert,2020_8005_ST5000000,ST5000000,9005000000,8005,ST5000000,2013-04-01,ACT,EPG,,,2020,2020-01-27,BASE,8,1,SF,8,NZC,2020-05-27T12:40:30+1200,2020-05-27T12:40:30+1200
upsert,2020_8005_ST5000013,ST5000013,9005000013,8005,ST5000013,2014-04-11,ACT,EUN,,,2020,2020-01-27,BASE,7,1,RE,7,NZC,2020-05-27T12:40:45+1200,2020-05-27T12:40:45+1200
upsert,2020_8005_ST5000026,ST5000026,9005000026,8005,ST5000026,2015-01-18,ACT,ECO,,,2020,2020-01-27,BASE,6,1,RE,6,NZC,2020-05-27T12:41:00+1200,2020-05-27T12:41:00+1200
upsert,2020_8005_ST5000039,ST5000039,9005000039,8005,ST5000039,2015-02-21,ACT,EPC,,,2020,2020-01-27,BASE,6,1,RE,6,NZC,2020-05-27T12:41:15+1200,2020-05-27T12:41:15+1200
upsert,2020_8005_ST5000041,ST5000041,9005000041,8005,ST5000041,2015-03-07,ACT,EKE,,,2020,2020-01-27,BASE,6,1,RE,6,NZC,2020-05-27T12:41:29+1200,2020-05-27T12:41:29+1200
upsert,2020_8005_ST5000054,ST5000054,9005000054,8005,ST5000054,2015-05-14,ACT,ENA,,,2020,2020-01-27,BASE,6,1,RE,6,NZC,2020-05-27T12:41:45+1200,2020-05-27T12:41:45+1200
upsert,2020_8005_ST5000067,ST5000067,9005000067,8005,ST5000067,2015-06-03,ACT,ENA,,,2020,2020-01-27,BASE,6,1,RE,6,NZC,2020-05-27T12:42:00+1200,2020-05-27T12:42:00+1200
upsert,2020_8005_ST5100075,ST5100075,9005100075,8005,ST5100075,2015-09-08,ACT,ENA,,,2020,2020-01-27,BASE,6,1,NA,6,NZC,2020-05-27T12:42:15+1200,2020-05-27T12:42:15+1200
upsert,2020_8005_ST5000082,ST5000082,9005000082,8005,ST5000082,2016-07-02,ACT,EKE,,,2020,2020-01-27,BASE,5,1,RE,5,NZC,2020-05-27T12:42:30+1200,2020-05-27T12:42:30+1200
upsert,2020_8005_ST5000095,ST5000095,9005000095,8005,ST5000095,2017-01-30,ACT,EKE,,,2020,2020-01-27,BASE,4,1,RE,4,NZC,2020-05-27T12:42:45+1200,2020-05-27T12:42:45+1200
upsert,2020_8005_ST5000105,ST5000105,9005000105,8005,ST5000105,2017-12-28,ACT,EKE,,,2020,2020-01-27,BASE,4,1,RE,4,NZC,2020-05-27T12:43:00+1200,2020-05-27T12:43:00+1200
upsert,2020_8005_ST5000118,ST5000118,9005000118,8005,ST5000118,2018-02-01,ACT,EPG,,,2020,2020-01-27,BASE,3,1,RE,3,NZC,2020-05-27T12:43:15+1200,2020-05-27T12:43:15+1200
upsert,2020_8005_ST5000120,ST5000120,9005000120,8005,ST5000120,2018-02-13,ACT,EPC,,,2020,2020-01-27,BASE,3,1,RE,3,NZC,2020-05-27T12:43:30+1200,2020-05-27T12:43:30+1200
upsert,2020_8005_ST5000133,ST5000133,9005000133,8005,ST5000133,2018-05-04,ACT,EPC,,,2020,2020-01-27,BASE,3,1,RE,3,NZC,2020-05-27T12:43:45+1200,2020-05-27T12:43:45+1200
upsert,2020_8005_ST5000146,ST5000146,9005000146,8005,ST5000146,2018-07-22,ACT,ENA,,,2020,2020-01-27,BASE,3,1,RE,3,NZC,2020-05-27T12:44:00+1200,2020-05-27T12:44:00+1200
upsert,2020_8005_ST5000159,ST5000159,9005000159,8005,ST5000159,2018-09-20,ACT,EPG,,,2020,2020-01-27,BASE,3,1,RE,3,NZC,2020-05-27T12:44:15+1200,2020-05-27T12:44:15+1200
upsert,2020_8005_ST5000161,ST5000161,9005000161,8005,ST5000161,2019-01-31,ACT,ECO,,,2020,2020-01-27,BASE,2,1,RE,2,NZC,2020-05-27T12:44:30+1200,2020-05-27T12:44:30+1200
upsert,2020_8005_ST5000174,ST5000174,9005000174,8005,ST5000174,2019-02-21,ACT,EPC,,,2020,2020-01-27,BASE,2,1,RE,2,NZC,2020-05-27T12:44:45+1200,2020-05-27T12:44:45+1200
upsert,2020_8005_ST5000187,ST5000187,9005000187,8005,ST5000187,2019-02-23,ACT,EPC,,,2020,2020-01-27,BASE,2,1,RE,2,NZC,2020-05-27T12:45:00+1200,2020-05-27T12:45:00+1200
upsert,2020_8005_ST5100195,ST5100195,9005100195,8005,ST5100195,2019-12-05,ACT,EPG,,,2020,2020-01-27,BASE,2,1,RE,2,NZC,2020-05-27T12:45:15+1200,2020-05-27T12:45:15+1200
upsert,2020_8005_ST5100205,ST5100205,9005100205,8005,ST5100205,2019-12-17,ACT,EPG,,,2020,2020-01-27,BASE,2,1,RE,2,NZC,2020-05-27T12:45:30+1200,2020-05-27T12:45:30+1200
upsert,2020_8005_ST5000212,ST5000212,9005000212,8005,ST5000212,2020-05-16,ACT,ECO,,,2020,2020-01-27,BASE,1,1,NA,1,NZC,2020-05-27T12:45:45+1200,2020-05-27T12:45:45+1200
upsert,2020_8005_ST5000225,ST5000225,9005000225,8005,ST5000225,2020-06-03,ACT,EPC,,,2020,2020-01-27,BASE,1,1,RE,1,NZC,2020-05-27T12:46:00+1200,2020-05-27T12:46:00+1200
upsert,2020_8005_ST5000238,ST5000238,9005000238,8005,ST5000238,2020-06-09,ACT,EPC,,,2020,2020-01-27,BASE,1,1,RE,1,NZC,2020-05-27T12:46:14+1200,2020-05-27T12:46:14+1200
upsert,2020_8005_ST5000240,ST5000240,9005000240,8005,ST5000240,2020-10-21,ACT,ENA,,,2020,2020-01-27,BASE,1,1,RE,1,NZC,2020-05-27T12:46:30+1200,2020-05-27T12:46:30+1200
upsert,2020_8005_ST5000253,ST5000253,9005000253,8005,ST5000253,2013-03-23,ACT,EUN,,,2020,2020-01-27,BASE,8,1,RE,8,NZC,2020-05-27T12:46:45+1200,2020-05-27T12:46:45+1200
upsert,2020_8005_ST5000266,ST5000266,9005000266,8005,ST5000266,2013-04-10,ACT,ENA,,,2020,2020-01-27,BASE,8,1,RE,8,NZC,2020-05-27T12:47:00+1200,2020-05-27T12:47:00+1200
upsert,2020_8005_ST5000279,ST5000279,9005000279,8005,ST5000279,2014-01-17,ACT,EUN,,,2020,2020-01-27,BASE,7,1,RE,7,NZC,2020-05-27T12:47:15+1200,2020-05-27T12:47:15+1200
upsert,2020_8005_ST5000281,ST5000281,9005000281,8005,ST5000281,2014-11-02,ACT,EUN,,,2020,2020-01-27,BASE,7,1,RE,7,NZC,2020-05-27T12:47:30+1200,2020-05-27T12:47:30+1200
upsert,2020_8005_ST5000294,ST5000294,9005000294,8005,ST5000294,2014-11-06,ACT,ETU,,,2020,2020-01-27,BASE,7,1,RE,7,NZC,2020-05-27T12:47:45+1200,2020-05-27T12:47:45+1200
upsert,2020_8005_ST5000304,ST5000304,9005000304,8005,ST5000304,2014-12-21,ACT,EPG,,,2020,2020-01-27,BASE,7,1,SF,7,NZC,2020-05-27T12:48:00+1200,2020-05-27T12:48:00+1200
upsert,2020_8005_ST5000317,ST5000317,9005000317,8005,ST5000317,2015-01-05,ACT,ENA,,,2020,2020-01-27,BASE,6,1,RE,6,NZC,2020-05-27T12:48:15+1200,2020-05-27T12:48:15+1200
upsert,2020_8005_ST5100325,ST5100325,9005100325,8005,ST5100325,2015-04-10,ACT,EUN,,,2020,2020-01-27,BASE,6,1,RE,6,NZC,2020-05-27T12:48:30+1200,2020-05-27T12:48:30+1200
upsert,2020_8005_ST5000332,ST5000332,9005000332,8005,ST5000332,2015-05-16,ACT,EKE,,,2020,2020-01-27,BASE,6,1,RE,6,NZC,2020-05-27T12:48:44+1200,2020-05-27T12:48:44+1200
upsert,2020_8005_ST5000345,ST5000345,9005000345,8005,ST5000345,2015-11-11,ACT,ETU,,,2020,2020-01-27,BASE,6,1,RE,6,NZC,2020-05-27T12:49:00+1200,2020-05-27T12:49:00+1200
upsert,2020_8005_ST5000358,ST5000358,9005000358,8005,ST5000358,2016-03-14,ACT,EUN,,,2020,2020-01-27,BASE,5,1,RE,5,NZC,2020-05-27T12:49:15+1200,2020-05-27T12:49:15+1200
upsert,2020_8005_ST5000360,ST5000360,9005000360,8005,ST5000360,2016-04-01,ACT,EOS,,,2020,2020-01-27,BASE,5,1,RE,5,NZC,2020-05-27T12:49:30+1200,2020-05-27T12:49:30+1200
upsert,2020_8005_ST5000373,ST5000373,9005000373,8005,ST5000373,2016-06-09,ACT,ECO,,,2020,2020-01-27,BASE,5,1,NA,5,NZC,2020-05-27T12:49:45+1200,2020-05-27T12:49:45+1200
upsert,2020_8005_ST5000386,ST5000386,9005000386,8005,ST5000386,2016-07-09,ACT,EPG,,,2020,2020-01-27,BASE,5,1,RE,5,NZC,2020-05-27T12:50:00+1200,2020-05-27T12:50:00+1200
upsert,2020_8005_ST5000399,ST5000399,9005000399,8005,ST5000399,2016-08-11,ACT,EKE,,,2020,2020-01-27,BASE,5,1,RE,5,NZC,2020-05-27T12:50:14+1200,2020-05-27T12:50:14+1200
upsert,2020_8005_ST5000409,ST5000409,9005000409,8005,ST5000409,2016-08-26,ACT,ETU,,,2020,2020-01-27,BASE,5,1,SF,5,NZC,2020-05-27T12:50:30+1200,2020-05-27T12:50:30+1200
upsert,2020_8005_ST5000411,ST5000411,9005000411,8005,ST5000411,2016-10-28,ACT,EPC,,,2020,2020-01-27,BASE,5,1,RE,5,NZC,2020-05-27T12:50:45+1200,2020-05-27T12:50:45+1200
upsert,2020_8005_ST5000424,ST5000424,9005000424,8005,ST5000424,2017-06-08,ACT,ECO,,,2020,2020-01-27,BASE,4,1,RE,4,NZC,2020-05-27T12:51:00+1200,2020-05-27T12:51:00+1200
upsert,2020_8005_ST5000437,ST5000437,9005000437,8005,ST5000437,2017-06-10,ACT,EUN,,,2020,2020-01-27,BASE,4,1,RE,4,NZC,2020-05-27T12:51:15+1200,2020-05-27T12:51:15+1200
upsert,2020_8005_ST5100445,ST5100445,9005100445,8005,ST5100445,2017-12-18,ACT,EPG,,,2020,2020-01-27,BASE,4,1,RE,4,NZC,2020-05-27T12:51:30+1200,2020-05-27T12:51:30+1200
upsert,2020_8005_ST5000452,ST5000452,9005000452,8005,ST5000452,2018-09-26,ACT,EPC,,,2020,2020-01-27,BASE,3,1,RE,3,NZC,2020-05-27T12:51:45+1200,2020-05-27T12:51:45+1200
upsert,2020_8005_ST5000465,ST5000465,9005000465,8005,ST5000465,2018-12-06,ACT,ECO,,,2020,2020-01-27,BASE,3,1,RE,3,NZC,2020-05-27T12:52:00+1200,2020-05-27T12:52:00+1200
upsert,2020_8005_ST5000478,ST5000478,9005000478,8005,ST5000478,2019-08-05,ACT,ECO,,,2020,2020-01-27,BASE,2,1,RE,2,NZC,2020-05-27T12:52:15+1200,2020-05-27T12:52:15+1200
upsert,2020_8005_ST5000480,ST5000480,9005000480,8005,ST5000480,2019-08-28,ACT,EUN,,,2020,2020-01-27,BASE,2,1,RE,2,NZC,2020-05-27T12:52:30+1200,2020-05-27T12:52:30+1200
upsert,2020_8005_ST5000493,ST5000493,9005000493,8005,ST5000493,2020-05-23,ACT,EUN,,,2020,2020-01-27,BASE,1,1,RE,1,NZC,2020-05-27T12:52:44+1200,2020-05-27T12:52:44+1200
upsert,2020_8005_ST5000503,ST5000503,9005000503,8005,ST5000503,2013-01-29,ACT,EKE,,,2020,2020-01-27,BASE,8,1,RE,8,NZC,2020-05-27T12:53:00+1200,2020-05-27T12:53:00+1200
upsert,2020_8005_ST5000516,ST5000516,9005000516,8005,ST5000516,2013-04-09,ACT,EPC,,,2020,2020-01-27,BASE,8,1,RE,8,NZC,2020-05-27T12:53:15+1200,2020-05-27T12:53:15+1200
upsert,2020_8005_ST5000529,ST5000529,9005000529,8005,ST5000529,2013-09-16,ACT,ECO,,,2020,2020-01-27,BASE,8,1,RE,8,NZC,2020-05-27T12:53:30+1200,2020-05-27T12:53:30+1200
upsert,2020_8005_ST5000531,ST5000531,9005000531,8005,ST5000531,2014-03-04,ACT,EKE,,,2020,2020-01-27,BASE,7,1,RE,7,NZC,2020-05-27T12:53:45+1200,2020-05-27T12:53:45+1200
upsert,2020_8005_ST5000544,ST5000544,9005000544,8005,ST5000544,2014-03-31,ACT,ENA,,,2020,2020-01-27,BASE,7,1,RE,7,NZC,2020-05-27T12:54:00+1200,2020-05-27T12:54:00+1200
upsert,2020_8005_ST5000557,ST5000557,9005000557,8005,ST5000557,2014-10-03,ACT,ENA,,,2020,2020-01-27,BASE,7,1,RE,7,NZC,2020-05-27T12:54:15+1200,2020-05-27T12:54:15+1200
upsert,2020_8005_ST5100565,ST5100565,9005100565,8005,ST5100565,2015-06-17,ACT,EPC,,,2020,2020-01-27,BASE,6,1,RE,6,NZC,2020-05-27T12:54:30+1200,2020-05-27T12:54:30+1200
upsert,2020_8005_ST5000572,ST5000572,9005000572,8005,ST5000572,2015-09-15,ACT,EUN,,,2020,2020-01-27,BASE,6,1,SF,6,NZC,2020-05-27T12:54:45+1200,2020-05-27T12:54:45+1200
upsert,2020_8005_ST5000585,ST5000585,9005000585,8005,ST5000585,2015-12-14,ACT,EKE,,,2020,2020-01-27,BASE,6,1,SF,6,NZC,2020-05-27T12:55:00+1200,2020-05-27T12:55:00+1200
upsert,2020_8005_ST5000598,ST5000598,9005000598,8005,ST5000598,2015-12-19,ACT,EUN,,,2020,2020-01-27,BASE,6,1,SF,6,NZC,2020-05-27T12:55:15+1200,2020-05-27T12:55:15+1200
upsert,2020_8005_ST5000608,ST5000608,9005000608,8005,ST5000608,2016-01-15,ACT,ETU,,,2020,2020-01-27,BASE,5,1,SF,5,NZC,2020-05-27T12:55:30+1200,2020-05-27T12:55:30+1200
upsert,2020_8005_ST5000610,ST5000610,9005000610,8005,ST5000610,2016-02-27,ACT,ECO,,,2020,2020-01-27,BASE,5,1,RE,5,NZC,2020-05-27T12:55:45+1200,2020-05-27T12:55:45+1200
upsert,2020_8005_ST5000623,ST5000623,9005000623,8005,ST5000623,2016-03-04,ACT,ECO,,,2020,2020-01-27,BASE,5,1,RE,5,NZC,2020-05-27T12:56:00+1200,2020-05-27T12:56:00+1200
upsert,2020_8005_ST5000636,ST5000636,9005000636,8005,ST5000636,2016-07-15,ACT,EUN,,,2020,2020-01-27,BASE,5,1,RE,5,NZC,2020-05-27T12:56:15+1200,2020-05-27T12:56:15+1200
upsert,2020_8005_ST5000649,ST5000649,9005000649,8005,ST5000649,2017-02-11,ACT,EUN,,,2020,2020-01-27,BASE,4,1,RE,4,NZC,2020-05-27T12:56:30+1200,2020-05-27T12:56:30+1200
upsert,2020_8005_ST5000651,ST5000651,9005000651,8005,ST5000651,2017-06-05,ACT,EOS,,,2020,2020-01-27,BASE,4,1,RE,4,NZC,2020-05-27T12:56:45+1200,2020-05-27T12:56:45+1200
upsert,2020_8005_ST5000664,ST5000664,9005000664,8005,ST5000664,2017-08-02,ACT,EOS,,,2020,2020-01-27,BASE,4,1,RE,4,NZC,2020-05-27T12:57:00+1200,2020-05-27T12:57:00+1200
upsert,2020_8005_ST5000677,ST5000677,9005000677,8005,ST5000677,2017-09-21,ACT,EOS,,,2020,2020-01-27,BASE,4,1,NA,4,NZC,2020-05-27T12:57:15+1200,2020-05-27T12:57:15+1200
upsert,2020_8005_ST5100685,ST5100685,9005100685,8005,ST5100685,2018-02-15,ACT,EKE,,,2020,2020-01-27,BASE,3,1,RE,3,NZC,2020-05-27T12:57:29+1200,2020-05-27T12:57:29+1200
upsert,2020_8005_ST5000692,ST5000692,9005000692,8005,ST5000692,2018-11-07,ACT,EOS,,,2020,2020-01-27,BASE,3,1,RE,3,NZC,2020-05-27T12:57:45+1200,2020-05-27T12:57:45+1200
upsert,2020_8005_ST5000702,ST5000702,9005000702,8005,ST5000702,2019-02-14,ACT,ECO,,,2020,2020-01-27,BASE,2,1,RE,2,NZC,2020-05-27T12:58:00+1200,2020-05-27T12:58:00+1200
upsert,2020_8005_ST5000715,ST5000715,9005000715,8005,ST5000715,2019-05-03,ACT,EOS,,,2020,2020-01-27,BASE,2,1,RE,2,NZC,2020-05-27T12:58:15+1200,2020-05-27T12:58:15+1200
upsert,2020_8005_ST5000728,ST5000728,9005000728,8005,ST5000728,2020-03-24,ACT,ENA,,,2020,2020-01-27,BASE,1,1,RE,1,NZC,2020-05-27T12:58:30+1200,2020-05-27T12:58:30+1200
upsert,2020_8005_ST5000730,ST5000730,9005000730,8005,ST5000730,2020-06-24,ACT,EUN,,,2020,2020-01-27,BASE,1,1,RE,1,NZC,2020-05-27T12:58:45+1200,2020-05-27T12:58:45+1200
upsert,2020_8005_ST5000743,ST5000743,9005000743,8005,ST5000743,2020-11-13,ACT,EKE,,,2020,2020-01-27,BASE,1,1,RE,1,NZC,2020-05-27T12:59:00+1200,2020-05-27T12:59:00+1200
upsert,2020_8005_ST5000756,ST5000756,9005000756,8005,ST5000756,2013-06-13,ACT,ECO,,,2020,2020-01-27,BASE,8,1,RE,8,NZC,2020-05-27T12:59:15+1200,2020-05-27T12:59:15+1200
upsert,2020_8005_ST5000769,ST5000769,9005000769,8005,ST5000769,2013-10-29,ACT,EPC,,,2020,2020-01-27,BASE,8,1,RE,8,NZC,2020-05-27T12:59:30+1200,2020-05-27T12:59:30+1200
upsert,2020_8005_ST5000771,ST5000771,9005000771,8005,ST5000771,2014-04-07,ACT,ETU,,,2020,2020-01-27,BASE,7,1,RE,7,NZC,2020-05-27T12:59:45+1200,2020-05-27T12:59:45+1200
upsert,2020_8005_ST5000784,ST5000784,9005000784,8005,ST5000784,2014-06-12,ACT,ETU,,,2020,2020-01-27,BASE,7,1,RE,7,NZC,2020-05-27T12:59:59+1200,2020-05-27T12:59:59+1200
upsert,2020_8005_ST5000797,ST5000797,9005000797,8005,ST5000797,2015-04-06,ACT,EUN,,,2020,2020-01-27,BASE,6,1,RE,6,NZC,2020-05-27T13:00:15+1200,2020-05-27T13:00:15+1200
upsert,2020_8005_ST5000807,ST5000807,9005000807,8005,ST5000807,2015-06-09,ACT,EPG,,,2020,2020-01-27,BASE,6,1,RE,6,NZC,2020-05-27T13:00:30+1200,2020-05-27T13:00:30+1200
upsert,2020_8005_ST5100815,ST5100815,9005100815,8005,ST5100815,2015-07-14,ACT,EOS,,,2020,2020-01-27,BASE,6,1,RE,6,NZC,2020-05-27T13:00:45+1200,2020-05-27T13:00:45+1200
upsert,2020_8005_ST5000822,ST5000822,9005000822,8005,ST5000822,2016-04-22,ACT,ENA,,,2020,2020-01-27,BASE,5,1,RE,5,NZC,2020-05-27T13:01:00+1200,2020-05-27T13:01:00+1200
upsert,2020_8005_ST5000835,ST5000835,9005000835,8005,ST5000835,2016-08-04,ACT,EPG,,,2020,2020-01-27,BASE,5,1,RE,5,NZC,2020-05-27T13:01:15+1200,2020-05-27T13:01:15+1200
upsert,2020_8005_ST5000848,ST5000848,9005000848,8005,ST5000848,2017-04-18,ACT,EPG,,,2020,2020-01-27,BASE,4,1,RE,4,NZC,2020-05-27T13:01:29+1200,2020-05-27T13:01:29+1200
upsert,2020_8005_ST5000850,ST5000850,9005000850,8005,ST5000850,2017-06-15,ACT,EPC,,,2020,2020-01-27,BASE,4,1,RE,4,NZC,2020-05-27T13:01:45+1200,2020-05-27T13:01:45+1200
upsert,2020_8005_ST5000863,ST5000863,9005000863,8005,ST5000863,2017-07-11,ACT,ECO,,,2020,2020-01-27,BASE,4,1,NA,4,NZC,2020-05-27T13:02:00+1200,2020-05-27T13:02:00+1200
upsert,2020_8005_ST5000876,ST5000876,9005000876,8005,ST5000876,2017-07-16,ACT,EPG,,,2020,2020-01-27,BASE,4,1,RE,4,NZC,2020-05-27T13:02:15+1200,2020-05-27T13:02:15+1200
upsert,2020_8005_ST5000889,ST5000889,9005000889,8005,ST5000889,2017-08-08,ACT,EKE,,,2020,2020-01-27,BASE,4,1,RE,4,NZC,2020-05-27T13:02:30+1200,2020-05-27T13:02:30+1200
upsert,2020_8005_ST5000891,ST5000891,9005000891,8005,ST5000891,2018-04-23,ACT,ENA,,,2020,2020-01-27,BASE,3,1,RE,3,NZC,2020-05-27T13:02:45+1200,2020-05-27T13:02:45+1200
upsert,2020_8005_ST5000901,ST5000901,9005000901,8005,ST5000901,2018-05-30,ACT,EPC,,,2020,2020-01-27,BASE,3,1,RE,3,NZC,2020-05-27T13:03:00+1200,2020-05-27T13:03:00+1200
upsert,2020_8005_ST5000914,ST5000914,9005000914,8005,ST5000914,2018-06-10,ACT,ECO,,,2020,2020-01-27,BASE,3,1,RE,3,NZC,2020-05-27T13:03:15+1200,2020-05-27T13:03:15+1200
upsert,2020_8005_ST5000927,ST5000927,9005000927,8005,ST5000927,2019-08-21,ACT,EPC,,,2020,2020-01-27,BASE,2,1,RE,2,NZC,2020-05-27T13:03:30+1200,2020-05-27T13:03:30+1200
upsert,2020_8005_ST5100935,ST5100935,9005100935,8005,ST5100935,2019-11-10,ACT,EUN,,,2020,2020-01-27,BASE,2,1,RE,2,NZC,2020-05-27T13:03:45+1200,2020-05-27T13:03:45+1200
upsert,2020_8005_ST5000942,ST5000942,9005000942,8005,ST5000942,2019-12-20,ACT,EPC,,,2020,2020-01-27,BASE,2,1,RE,2,NZC,2020-05-27T13:03:59+1200,2020-05-27T13:03:59+1200
upsert,2020_8005_ST5000955,ST5000955,9005000955,8005,ST5000955,2020-01-21,ACT,EOS,,,2020,2020-01-27,BASE,1,1,RE,1,NZC,2020-05-27T13:04:15+1200,2020-05-27T13:04:15+1200
upsert,2020_8005_ST5000968,ST5000968,9005000968,8005,ST5000968,2020-01-30,ACT,EPC,,,2020,2020-01-27,BASE,1,1,RE,1,NZC,2020-05-27T13:04:30+1200,2020-05-27T13:04:30+1200
upsert,2020_8005_ST5000970,ST5000970,9005000970,8005,ST5000970,2020-06-12,ACT,EKE,,,2020,2020-01-27,BASE,1,1,RE,1,NZC,2020-05-27T13:04:45+1200,2020-05-27T13:04:45+1200
upsert,2020_8005_ST5000983,ST5000983,9005000983,8005,ST5000983,2020-06-20,ACT,EUN,,,2020,2020-01-27,BASE,1,1,RE,1,NZC,2020-05-27T13:05:00+1200,2020-05-27T13:05:00+1200
upsert,2020_8006_ST6000008,ST6000008,9006000008,8006,ST6000008,2015-03-31,ACT,ECO,,,2020,2020-01-27,BASE,6,1,RE,6,NZC,2020-05-27T13:05:15+1200,2020-05-27T13:05:15+1200
upsert,2020_8006_ST6000010,ST6000010,9006000010,8006,ST6000010,2015-05-16,ACT,ENA,,,2020,2020-01-27,BASE,6,1,RE,6,NZC,2020-05-27T13:05:30+1200,2020-05-27T13:05:30+1200
upsert,2020_8006_ST6000023,ST6000023,9006000023,8006,ST6000023,2015-08-12,ACT,EKE,,,2020,2020-01-27,BASE,6,1,SF,6,NZC,2020-05-27T13:05:45+1200,2020-05-27T13:05:45+1200
upsert,2020_8006_ST6000036,ST6000036,9006000036,8006,ST6000036,2016-08-24,ACT,ECO,,,2020,2020-01-27,BASE,5,1,RE,5,NZC,2020-05-27T13:06:00+1200,2020-05-27T13:06:00+1200
upsert,2020_8006_ST6000049,ST6000049,9006000049,8006,ST6000049,2016-11-04,ACT,ECO,,,2020,2020-01-27,BASE,5,1,RE,5,NZC,2020-05-27T13:06:15+1200,2020-05-27T13:06:15+1200
upsert,2020_8006_ST6000051,ST6000051,9006000051,8006,ST6000051,2017-01-07,ACT,EUN,,,2020,2020-01-27,BASE,4,1,RE,4,NZC,2020-05-27T13:06:30+1200,2020-05-27T13:06:30+1200
upsert,2020_8006_ST6000064,ST6000064,9006000064,8006,ST6000064,2017-03-09,ACT,EKE,,,2020,2020-01-27,BASE,4,1,RE,4,NZC,2020-05-27T13:06:45+1200,2020-05-27T13:06:45+1200
upsert,2020_8006_ST6000077,ST6000077,9006000077,8006,ST6000077,2017-03-12,ACT,EUN,,,2020,2020-01-27,BASE,4,1,RE,4,NZC,2020-05-27T13:07:00+1200,2020-05-27T13:07:00+1200
upsert,2020_8006_ST6100085,ST6100085,9006100085,8006,ST6100085,2017-03-15,ACT,ENA,,,2020,2020-01-27,BASE,4,1,RE,4,NZC,2020-05-27T13:07:15+1200,2020-05-27T13:07:15+1200
upsert,2020_8006_ST6000092,ST6000092,9006000092,8006,ST6000092,2017-12-06,ACT,EKE,,,2020,2020-01-27,BASE,4,1,RE,4,NZC,2020-05-27T13:07:30+1200,2020-05-27T13:07:30+1200
upsert,2020_8006_ST6000102,ST6000102,9006000102,8006,ST6000102,2018-02-24,ACT,EPG,,,2020,2020-01-27,BASE,3,1,RE,3,NZC,2020-05-27T13:07:45+1200,2020-05-27T13:07:45+1200
upsert,2020_8006_ST6000115,ST6000115,9006000115,8006,ST6000115,2018-03-08,ACT,ENA,,,2020,2020-01-27,BASE,3,1,RE,3,NZC,2020-05-27T13:08:00+1200,2020-05-27T13:08:00+1200
upsert,2020_8006_ST6000128,ST6000128,9006000128,8006,ST6000128,2018-04-15,ACT,EPG,,,2020,2020-01-27,BASE,3,1,RE,3,NZC,2020-05-27T13:08:15+1200,2020-05-27T13:08:15+1200
upsert,2020_8006_ST6000130,ST6000130,9006000130,8006,ST6000130,2018-05-04,ACT,EUN,,,2020,2020-01-27,BASE,3,1,RE,3,NZC,2020-05-27T13:08:30+1200,2020-05-27T13:08:30+1200
upsert,2020_8006_ST6000143,ST6000143,9006000143,8006,ST6000143,2018-05-16,ACT,ENA,,,2020,2020-01-27,BASE,3,1,NA,3,NZC,2020-05-27T13:08:44+1200,2020-05-27T13:08:44+1200
upsert,2020_8006_ST6000156,ST6000156,9006000156,8006,ST6000156,2018-12-05,ACT,EKE,,,2020,2020-01-27,BASE,3,1,RE,3,NZC,2020-05-27T13:09:00+1200,2020-05-27T13:09:00+1200
upsert,2020_8006_ST6000169,ST6000169,9006000169,8006,ST6000169,2019-04-18,ACT,ENA,,,2020,2020-01-27,BASE,2,1,SF,2,NZC,2020-05-27T13:09:15+1200,2020-05-27T13:09:15+1200
upsert,2020_8006_ST6000171,ST6000171,9006000171,8006,ST6000171,2019-08-09,ACT,EUN,,,2020,2020-01-27,BASE,2,1,RE,2,NZC,2020-05-27T13:09:30+1200,2020-05-27T13:09:30+1200
upsert,2020_8006_ST6000184,ST6000184,9006000184,8006,ST6000184,2019-08-13,ACT,EOS,,,2020,2020-01-27,BASE,2,1,RE,2,NZC,2020-05-27T13:09:45+1200,2020-05-27T13:09:45+1200
upsert,2020_8006_ST6000197,ST6000197,9006000197,8006,ST6000197,2019-11-08,ACT,EUN,,,2020,2020-01-27,BASE,2,1,RE,2,NZC,2020-05-27T13:10:00+1200,2020-05-27T13:10:00+1200
upsert,2020_8006_ST6000207,ST6000207,9006000207,8006,ST6000207,2020-01-20,ACT,EUN,,,2020,2020-01-27,BASE,1,1,RE,1,NZC,2020-05-27T13:10:15+1200,2020-05-27T13:10:15+1200
upsert,2020_8006_ST6100215,ST6100215,9006100215,8006,ST6100215,2020-04-04,ACT,EUN,,,2020,2020-01-27,BASE,1,1,RE,1,NZC,2020-05-27T13:10:30+1200,2020-05-27T13:10:30+1200
upsert,2020_8006_ST6000222,ST6000222,9006000222,8006,ST6000222,2020-06-30,ACT,EPC,,,2020,2020-01-27,BASE,1,1,RE,1,NZC,2020-05-27T13:10:45+1200,2020-05-27T13:10:45+1200
upsert,2020_8006_ST6000235,ST6000235,9006000235,8006,ST6000235,2020-08-10,ACT,ENA,,,2020,2020-01-27,BASE,1,1,SA,1,NZC,2020-05-27T13:11:00+1200,2020-05-27T13:11:00+1200
upsert,2020_8006_ST6000248,ST6000248,9006000248,8006,ST6000248,2020-10-09,ACT,ENA,,,2020,2020-01-27,BASE,1,1,RE,1,NZC,2020-05-27T13:11:14+1200,2020-05-27T13:11:14+1200
upsert,2020_8006_ST6000250,ST6000250,9006000250,8006,ST6000250,2015-05-21,ACT,EPG,,,2020,2020-01-27,BASE,6,1,RE,6,NZC,2020-05-27T13:11:30+1200,2020-05-27T13:11:30+1200
upsert,2020_8006_ST6000263,ST6000263,9006000263,8006,ST6000263,2015-06-02,ACT,EPG,,,2020,2020-01-27,BASE,6,1,RE,6,NZC,2020-05-27T13:11:45+1200,2020-05-27T13:11:45+1200
upsert,2020_8006_ST6000276,ST6000276,9006000276,8006,ST6000276,2015-08-05,ACT,EUN,,,2020,2020-01-27,BASE,6,1,NA,6,NZC,2020-05-27T13:12:00+1200,2020-05-27T13:12:00+1200
upsert,2020_8006_ST6000289,ST6000289,9006000289,8006,ST6000289,2015-10-06,ACT,ENA,,,2020,2020-01-27,BASE,6,1,RE,6,NZC,2020-05-27T13:12:15+1200,2020-05-27T13:12:15+1200
upsert,2020_8006_ST6000291,ST6000291,9006000291,8006,ST6000291,2016-01-09,ACT,EKE,,,2020,2020-01-27,BASE,5,1,SF,5,NZC,2020-05-27T13:12:30+1200,2020-05-27T13:12:30+1200
upsert,2020_8006_ST6000301,ST6000301,9006000301,8006,ST6000301,2016-05-21,ACT,EKE,,,2020,2020-01-27,BASE,5,1,RE,5,NZC,2020-05-27T13:12:44+1200,2020-05-27T13:12:44+1200
upsert,2020_8006_ST6000314,ST6000314,9006000314,8006,ST6000314,2016-09-23,ACT,ENA,,,2020,2020-01-27,BASE,5,1,RE,5,NZC,2020-05-27T13:13:00+1200,2020-05-27T13:13:00+1200
upsert,2020_8006_ST6000327,ST6000327,9006000327,8006,ST6000327,2016-10-25,ACT,EPG,,,2020,2020-01-27,BASE,5,1,RE,5,NZC,2020-05-27T13:13:15+1200,2020-05-27T13:13:15+1200
upsert,2020_8006_ST6100335,ST6100335,9006100335,8006,ST6100335,2016-11-29,ACT,EPC,,,2020,2020-01-27,BASE,5,1,NA,5,NZC,2020-05-27T13:13:30+1200,2020-05-27T13:13:30+1200
upsert,2020_8006_ST6000342,ST6000342,9006000342,8006,ST6000342,2017-01-14,ACT,EUN,,,2020,2020-01-27,BASE,4,1,RE,4,NZC,2020-05-27T13:13:45+1200,2020-05-27T13:13:45+1200
upsert,2020_8006_ST6000355,ST6000355,9006000355,8006,ST6000355,2017-03-17,ACT,EUN,,,2020,2020-01-27,BASE,4,1,RE,4,NZC,2020-05-27T13:14:00+1200,2020-05-27T13:14:00+1200
upsert,2020_8006_ST6000368,ST6000368,9006000368,8006,ST6000368,2017-07-29,ACT,EUN,,,2020,2020-01-27,BASE,4,1,SF,4,NZC,2020-05-27T13:14:15+1200,2020-05-27T13:14:15+1200
upsert,2020_8006_ST6000370,ST6000370,9006000370,8006,ST6000370,2017-11-04,ACT,ECO,,,2020,2020-01-27,BASE,4,1,RE,4,NZC,2020-05-27T13:14:30+1200,2020-05-27T13:14:30+1200
upsert,2020_8006_ST6000383,ST6000383,9006000383,8006,ST6000383,2018-08-05,ACT,EUN,,,2020,2020-01-27,BASE,3,1,RE,3,NZC,2020-05-27T13:14:45+1200,2020-05-27T13:14:45+1200
upsert,2020_8006_ST6000396,ST6000396,9006000396,8006,ST6000396,2018-09-23,ACT,EUN,,,2020,2020-01-27,BASE,3,1,RE,3,NZC,2020-05-27T13:15:00+1200,2020-05-27T13:15:00+1200
upsert,2020_8006_ST6000406,ST6000406,9006000406,8006,ST6000406,2018-12-10,ACT,EKE,,,2020,2020-01-27,BASE,3,1,RE,3,NZC,2020-05-27T13:15:14+1200,2020-05-27T13:15:14+1200
upsert,2020_8006_ST6000419,ST6000419,9006000419,8006,ST6000419,2019-02-12,ACT,ETU,,,2020,2020-01-27,BASE,2,1,RE,2,NZC,2020-05-27T13:15:30+1200,2020-05-27T13:15:30+1200
upsert,2020_8006_ST6000421,ST6000421,9006000421,8006,ST6000421,2019-03-16,ACT,EOS,,,2020,2020-01-27,BASE,2,1,RE,2,NZC,2020-05-27T13:15:45+1200,2020-05-27T13:15:45+1200
upsert,2020_8006_ST6000434,ST6000434,9006000434,8006,ST6000434,2019-05-01,ACT,ENA,,,2020,2020-01-27,BASE,2,1,RE,2,NZC,2020-05-27T13:16:00+1200,2020-05-27T13:16:00+1200
upsert,2020_8006_ST6000447,ST6000447,9006000447,8006,ST6000447,2019-06-21,ACT,EOS,,,2020,2020-01-27,BASE,2,1,NA,2,NZC,2020-05-27T13:16:15+1200,2020-05-27T13:16:15+1200
upsert,2020_8006_ST6100455,ST6100455,9006100455,8006,ST6100455,2019-12-18,ACT,EUN,,,2020,2020-01-27,BASE,2,1,RE,2,NZC,2020-05-27T13:16:30+1200,2020-05-27T13:16:30+1200
upsert,2020_8006_ST6000462,ST6000462,9006000462,8006,ST6000462,2019-12-20,ACT,EOS,,,2020,2020-01-27,BASE,2,1,RE,2,NZC,2020-05-27T13:16:45+1200,2020-05-27T13:16:45+1200
upsert,2020_8006_ST6000475,ST6000475,9006000475,8006,ST6000475,2020-05-17,ACT,EUN,,,2020,2020-01-27,BASE,1,1,RE,1,NZC,2020-05-27T13:17:00+1200,2020-05-27T13:17:00+1200
upsert,2020_8006_ST6000488,ST6000488,9006000488,8006,ST6000488,2020-05-26,ACT,ENA,,,2020,2020-01-27,BASE,1,1,RE,1,NZC,2020-05-27T13:17:15+1200,2020-05-27T13:17:15+1200
upsert,2020_8006_ST6000490,ST6000490,9006000490,8006,ST6000490,2020-08-03,ACT,EUN,,,2020,2020-01-27,BASE,1,1,RE,1,NZC,2020-05-27T13:17:30+1200,2020-05-27T13:17:30+1200
upsert,2020_8006_ST6000500,ST6000500,9006000500,8006,ST6000500,2015-01-06,ACT,EUN,,,2020,2020-01-27,BASE,6,1,RE,6,NZC,2020-05-27T13:17:45+1200,2020-05-27T13:17:45+1200
upsert,2020_8006_ST6000513,ST6000513,9006000513,8006,ST6000513,2015-02-07,ACT,EKE,,,2020,2020-01-27,BASE,6,1,RE,6,NZC,2020-05-27T13:18:00+1200,2020-05-27T13:18:00+1200
upsert,2020_8006_ST6000526,ST6000526,9006000526,8006,ST6000526,2015-03-31,ACT,EUN,,,2020,2020-01-27,BASE,6,1,NA,6,NZC,2020-05-27T13:18:15+1200,2020-05-27T13:18:15+1200
upsert,2020_8006_ST6000539,ST6000539,9006000539,8006,ST6000539,2015-05-02,ACT,ENA,,,2020,2020-01-27,BASE,6,1,RE,6,NZC,2020-05-27T13:18:30+1200,2020-05-27T13:18:30+1200
upsert,2020_8006_ST6000541,ST6000541,9006000541,8006,ST6000541,2015-05-27,ACT,EPG,,,2020,2020-01-27,BASE,6,1,RE,6,NZC,2020-05-27T13:18:45+1200,2020-05-27T13:18:45+1200
upsert,2020_8006_ST6000554,ST6000554,9006000554,8006,ST6000554,2015-06-03,ACT,EKE,,,2020,2020-01-27,BASE,6,1,RE,6,NZC,2020-05-27T13:19:00+1200,2020-05-27T13:19:00+1200
upsert,2020_8006_ST6000567,ST6000567,9006000567,8006,ST6000567,2015-11-18,ACT,ETU,,,2020,2020-01-27,BASE,6,1,RE,6,NZC,2020-05-27T13:19:15+1200,2020-05-27T13:19:15+1200
upsert,2020_8006_ST6100575,ST6100575,9006100575,8006,ST6100575,2016-02-15,ACT,ENA,,,2020,2020-01-27,BASE,5,1,RE,5,NZC,2020-05-27T13:19:30+1200,2020-05-27T13:19:30+1200
upsert,2020_8006_ST6000582,ST6000582,9006000582,8006,ST6000582,2016-04-17,ACT,ENA,,,2020,2020-01-27,BASE,5,1,RE,5,NZC,2020-05-27T13:19:45+1200,2020-05-27T13:19:45+1200
upsert,2020_8006_ST6000595,ST6000595,9006000595,8006,ST6000595,2016-06-22,ACT,EKE,,,2020,2020-01-27,BASE,5,1,RE,5,NZC,2020-05-27T13:19:59+1200,2020-05-27T13:19:59+1200
upsert,2020_8006_ST6000605,ST6000605,9006000605,8006,ST6000605,2018-02-09,ACT,EPG,,,2020,2020-01-27,BASE,3,1,RE,3,NZC,2020-05-27T13:20:15+1200,2020-05-27T13:20:15+1200
upsert,2020_8006_ST6000618,ST6000618,9006000618,8006,ST6000618,2018-03-01,ACT,EPG,,,2020,2020-01-27,BASE,3,1,RE,3,NZC,2020-05-27T13:20:30+1200,2020-05-27T13:20:30+1200
upsert,2020_8006_ST6000620,ST6000620,9006000620,8006,ST6000620,2018-05-17,ACT,EUN,,,2020,2020-01-27,BASE,3,1,RE,3,NZC,2020-05-27T13:20:45+1200,2020-05-27T13:20:45+1200
upsert,2020_8006_ST6000633,ST6000633,9006000633,8006,ST6000633,2018-10-26,ACT,EUN,,,2020,2020-01-27,BASE,3,1,RE,3,NZC,2020-05-27T13:21:00+1200,2020-05-27T13:21:00+1200
upsert,2020_8006_ST6000646,ST6000646,9006000646,8006,ST6000646,2019-01-07,ACT,EKE,,,2020,2020-01-27,BASE,2,1,RE,2,NZC,2020-05-27T13:21:15+1200,2020-05-27T13:21:15+1200
upsert,2020_8006_ST6000659,ST6000659,9006000659,8006,ST6000659,2019-03-27,ACT,EUN,,,2020,2020-01-27,BASE,2,1,RE,2,NZC,2020-05-27T13:21:30+1200,2020-05-27T13:21:30+1200
upsert,2020_8006_ST6000661,ST6000661,9006000661,8006,ST6000661,2019-04-09,ACT,EPC,,,2020,2020-01-27,BASE,2,1,RE,2,NZC,2020-05-27T13:21:45+1200,2020-05-27T13:21:45+1200
upsert,2020_8006_ST6000674,ST6000674,9006000674,8006,ST6000674,2019-10-14,ACT,EOS,,,2020,2020-01-27,BASE,2,1,NA,2,NZC,2020-05-27T13:22:00+1200,2020-05-27T13:22:00+1200
upsert,2020_8006_ST6000687,ST6000687,9006000687,8006,ST6000687,2019-10-16,ACT,EOS,,,2020,2020-01-27,BASE,2,1,RE,2,NZC,2020-05-27T13:22:15+1200,2020-05-27T13:22:15+1200
upsert,2020_8006_ST6100695,ST6100695,9006100695,8006,ST6100695,2019-12-22,ACT,EKE,,,2020,2020-01-27,BASE,2,1,SF,2,NZC,2020-05-27T13:22:29+1200,2020-05-27T13:22:29+1200
upsert,2020_8006_ST6100705,ST6100705,9006100705,8006,ST6100705,2020-06-08,ACT,ENA,,,2020,2020-01-27,BASE,1,1,RE,1,NZC,2020-05-27T13:22:45+1200,2020-05-27T13:22:45+1200
upsert,2020_8006_ST6000712,ST6000712,9006000712,8006,ST6000712,2020-07-02,ACT,EUN,,,2020,2020-01-27,BASE,1,1,RE,1,NZC,2020-05-27T13:23:00+1200,2020-05-27T13:23:00+1200
upsert,2020_8006_ST6000725,ST6000725,9006000725,8006,ST6000725,2020-07-31,ACT,EOS,,,2020,2020-01-27,BASE,1,1,RE,1,NZC,2020-05-27T13:23:15+1200,2020-05-27T13:23:15+1200
upsert,2020_8006_ST6000738,ST6000738,9006000738,8006,ST6000738,2020-11-18,ACT,EOS,,,2020,2020-01-27,BASE,1,1,RE,1,NZC,2020-05-27T13:23:30+1200,2020-05-27T13:23:30+1200
upsert,2020_8006_ST6000740,ST6000740,9006000740,8006,ST6000740,2020-12-13,ACT,EUN,,,2020,2020-01-27,BASE,1,1,RE,1,NZC,2020-05-27T13:23:45+1200,2020-05-27T13:23:45+1200
upsert,2020_8006_ST6000753,ST6000753,9006000753,8006,ST6000753,2017-10-25,ACT,EKE,,,2020,2020-01-27,BASE,4,1,RE,4,NZC,2020-05-27T13:23:59+1200,2020-05-27T13:23:59+1200
upsert,2020_8006_ST6000766,ST6000766,9006000766,8006,ST6000766,2017-11-02,ACT,ECO,,,2020,2020-01-27,BASE,4,1,RE,4,NZC,2020-05-27T13:24:15+1200,2020-05-27T13:24:15+1200
upsert,2020_8006_ST6000779,ST6000779,9006000779,8006,ST6000779,2018-03-18,ACT,ENA,,,2020,2020-01-27,BASE,3,1,RE,3,NZC,2020-05-27T13:24:30+1200,2020-05-27T13:24:30+1200
upsert,2020_8006_ST6000781,ST6000781,9006000781,8006,ST6000781,2018-08-15,ACT,ENA,,,2020,2020-01-27,BASE,3,1,RE,3,NZC,2020-05-27T13:24:45+1200,2020-05-27T13:24:45+1200
upsert,2020_8006_ST6000794,ST6000794,9006000794,8006,ST6000794,2019-02-07,ACT,ENA,,,2020,2020-01-27,BASE,2,1,RE,2,NZC,2020-05-27T13:25:00+1200,2020-05-27T13:25:00+1200
upsert,2020_8006_ST6000804,ST6000804,9006000804,8006,ST6000804,2019-02-19,ACT,EPG,,,2020,2020-01-27,BASE,2,1,RE,2,NZC,2020-05-27T13:25:15+1200,2020-05-27T13:25:15+1200
upsert,2020_8006_ST6000817,ST6000817,9006000817,8006,ST6000817,2019-03-31,ACT,ENA,,,2020,2020-01-27,BASE,2,1,SF,2,NZC,2020-05-27T13:25:30+1200,2020-05-27T13:25:30+1200
upsert,2020_8006_ST6100825,ST6100825,9006100825,8006,ST6100825,2019-06-30,ACT,ECO,,,2020,2020-01-27,BASE,2,1,NA,2,NZC,2020-05-27T13:25:45+1200,2020-05-27T13:25:45+1200
upsert,2020_8006_ST6000832,ST6000832,9006000832,8006,ST6000832,2019-09-07,ACT,EUN,,,2020,2020-01-27,BASE,2,1,RE,2,NZC,2020-05-27T13:26:00+1200,2020-05-27T13:26:00+1200
upsert,2020_8006_ST6000845,ST6000845,9006000845,8006,ST6000845,2019-12-26,ACT,EUN,,,2020,2020-01-27,BASE,2,1,RE,2,NZC,2020-05-27T13:26:15+1200,2020-05-27T13:26:15+1200
upsert,2020_8006_ST6000858,ST6000858,9006000858,8006,ST6000858,2020-04-23,ACT,EKE,,,2020,2020-01-27,BASE,1,1,RE,1,NZC,2020-05-27T13:26:29+1200,2020-05-27T13:26:29+1200
upsert,2020_8006_ST6000860,ST6000860,9006000860,8006,ST6000860,2020-07-05,ACT,EPC,,,2020,2020-01-27,BASE,1,1,RE,1,NZC,2020-05-27T13:26:45+1200,2020-05-27T13:26:45+1200
upsert,2020_8006_ST6000873,ST6000873,9006000873,8006,ST6000873,2020-07-07,ACT,EPC,,,2020,2020-01-27,BASE,1,1,RE,1,NZC,2020-05-27T13:27:00+1200,2020-05-27T13:27:00+1200
upsert,2020_8007_ST7000005,ST7000005,9007000005,8007,ST7000005,2016-01-30,ACT,EUN,,,2020,2020-01-27,BASE,13,1,RE,13,NZC,2020-05-27T13:27:15+1200,2020-05-27T13:27:15+1200
upsert,2020_8007_ST7000018,ST7000018,9007000018,8007,ST7000018,2016-01-30,ACT,EPG,,,2020,2020-01-27,BASE,13,1,RE,13,NZC,2020-05-27T13:27:30+1200,2020-05-27T13:27:30+1200
upsert,2020_8007_ST7000020,ST7000020,9007000020,8007,ST7000020,2016-01-30,ACT,EUN,,,2020,2020-01-27,BASE,13,1,RE,13,NZC,2020-05-27T13:27:45+1200,2020-05-27T13:27:45+1200
upsert,2020_8007_ST7000033,ST7000033,9007000033,8007,ST7000033,2016-01-30,ACT,EUN,,,2020,2020-01-27,BASE,13,1,RE,13,NZC,2020-05-27T13:28:00+1200,2020-05-27T13:28:00+1200
upsert,2020_8007_ST7000046,ST7000046,9007000046,8007,ST7000046,2017-01-30,ACT,EUN,,,2020,2020-01-27,BASE,12,1,RE,12,NZC,2020-05-27T13:28:15+1200,2020-05-27T13:28:15+1200
upsert,2020_8007_ST7000059,ST7000059,9007000059,8007,ST7000059,2017-01-30,ACT,EKE,,,2020,2020-01-27,BASE,12,1,SF,12,NZC,2020-05-27T13:28:30+1200,2020-05-27T13:28:30+1200
upsert,2020_8007_ST7000061,ST7000061,9007000061,8007,ST7000061,2017-01-30,ACT,EOS,,,2020,2020-01-27,BASE,12,1,RE,12,NZC,2020-05-27T13:28:45+1200,2020-05-27T13:28:45+1200
upsert,2020_8007_ST7000074,ST7000074,9007000074,8007,ST7000074,2018-01-30,ACT,EUN,,,2020,2020-01-27,BASE,11,1,RE,11,NZC,2020-05-27T13:29:00+1200,2020-05-27T13:29:00+1200
upsert,2020_8007_ST7000087,ST7000087,9007000087,8007,ST7000087,2018-01-30,ACT,EUN,,,2020,2020-01-27,BASE,11,1,RE,11,NZC,2020-05-27T13:29:15+1200,2020-05-27T13:29:15+1200
upsert,2020_8007_ST7100095,ST7100095,9007100095,8007,ST7100095,2018-01-30,ACT,ENA,,,2020,2020-01-27,BASE,11,1,RE,11,NZC,2020-05-27T13:29:30+1200,2020-05-27T13:29:30+1200
upsert,2020_8007_ST7100105,ST7100105,9007100105,8007,ST7100105,2018-01-30,ACT,EUN,,,2020,2020-01-27,BASE,11,1,RE,11,NZC,2020-05-27T13:29:45+1200,2020-05-27T13:29:45+1200
upsert,2020_8007_ST7000112,ST7000112,9007000112,8007,ST7000112,2019-01-30,ACT,ENA,,,2020,2020-01-27,BASE,10,1,TPRE,10,NZC,2020-05-27T13:30:00+1200,2020-05-27T13:30:00+1200
upsert,2020_8007_ST7000125,ST7000125,9007000125,8007,ST7000125,2019-01-30,ACT,ECO,,,2020,2020-01-27,BASE,10,1,RE,10,NZC,2020-05-27T13:30:15+1200,2020-05-27T13:30:15+1200
upsert,2020_8007_ST7000138,ST7000138,9007000138,8007,ST7000138,2019-01-30,ACT,ENA,,,2020,2020-01-27,BASE,10,1,RE,10,NZC,2020-05-27T13:30:30+1200,2020-05-27T13:30:30+1200
upsert,2020_8007_ST7000140,ST7000140,9007000140,8007,ST7000140,2019-01-30,ACT,ENA,,,2020,2020-01-27,BASE,10,1,RE,10,NZC,2020-05-27T13:30:45+1200,2020-05-27T13:30:45+1200
upsert,2020_8007_ST7000153,ST7000153,9007000153,8007,ST7000153,2019-01-30,ACT,ETU,,,2020,2020-01-27,BASE,10,1,RE,10,NZC,2020-05-27T13:31:00+1200,2020-05-27T13:31:00+1200
upsert,2020_8007_ST7000166,ST7000166,9007000166,8007,ST7000166,2019-01-30,ACT,EOS,,,2020,2020-01-27,BASE,10,1,RE,10,NZC,2020-05-27T13:31:14+1200,2020-05-27T13:31:14+1200
upsert,2020_8007_ST7000179,ST7000179,9007000179,8007,ST7000179,2020-01-30,ACT,ECO,,,2020,2020-01-27,BASE,9,1,RE,9,NZC,2020-05-27T13:31:30+1200,2020-05-27T13:31:30+1200
upsert,2020_8007_ST7000181,ST7000181,9007000181,8007,ST7000181,2020-01-30,ACT,ENA,,,2020,2020-01-27,BASE,9,1,RE,9,NZC,2020-05-27T13:31:45+1200,2020-05-27T13:31:45+1200
upsert,2020_8007_ST7000194,ST7000194,9007000194,8007,ST7000194,2020-01-30,ACT,EUN,,,2020,2020-01-27,BASE,9,1,RE,9,NZC,2020-05-27T13:32:00+1200,2020-05-27T13:32:00+1200
upsert,2020_8007_ST7000204,ST7000204,9007000204,8007,ST7000204,2020-01-30,ACT,EUN,,,2020,2020-01-27,BASE,9,1,RE,9,NZC,2020-05-27T13:32:15+1200,2020-05-27T13:32:15+1200
upsert,2020_8007_ST7000217,ST7000217,9007000217,8007,ST7000217,2020-01-30,ACT,ENA,,,2020,2020-01-27,BASE,9,1,RE,9,NZC,2020-05-27T13:32:30+1200,2020-05-27T13:32:30+1200
upsert,2020_8007_ST7100225,ST7100225,9007100225,8007,ST7100225,2020-01-30,ACT,EOS,,,2020,2020-01-27,BASE,9,1,TPRE,9,NZC,2020-05-27T13:32:45+1200,2020-05-27T13:32:45+1200
upsert,2020_8007_ST7000232,ST7000232,9007000232,8007,ST7000232,2020-01-30,ACT,EKE,,,2020,2020-01-27,BASE,9,1,RE,9,NZC,2020-05-27T13:33:00+1200,2020-05-27T13:33:00+1200
upsert,2020_8007_ST7000245,ST7000245,9007000245,8007,ST7000245,2020-01-30,ACT,ETU,,,2020,2020-01-27,BASE,9,1,SF,9,NZC,2020-05-27T13:33:15+1200,2020-05-27T13:33:15+1200
upsert,2020_8007_ST7000258,ST7000258,9007000258,8007,ST7000258,2016-01-30,ACT,EKE,,,2020,2020-01-27,BASE,13,1,SF,13,NZC,2020-05-27T13:33:30+1200,2020-05-27T13:33:30+1200
upsert,2020_8007_ST7000260,ST7000260,9007000260,8007,ST7000260,2016-01-30,ACT,ECO,,,2020,2020-01-27,BASE,13,1,NA,13,NZC,2020-05-27T13:33:44+1200,2020-05-27T13:33:44+1200
upsert,2020_8007_ST7000273,ST7000273,9007000273,8007,ST7000273,2016-01-30,ACT,EUN,,,2020,2020-01-27,BASE,13,1,RE,13,NZC,2020-05-27T13:34:00+1200,2020-05-27T13:34:00+1200
upsert,2020_8007_ST7000286,ST7000286,9007000286,8007,ST7000286,2016-01-30,ACT,EKE,,,2020,2020-01-27,BASE,13,1,RE,13,NZC,2020-05-27T13:34:15+1200,2020-05-27T13:34:15+1200
upsert,2020_8007_ST7000299,ST7000299,9007000299,8007,ST7000299,2017-01-30,ACT,EPG,,,2020,2020-01-27,BASE,12,1,RE,12,NZC,2020-05-27T13:34:30+1200,2020-05-27T13:34:30+1200
upsert,2020_8007_ST7000309,ST7000309,9007000309,8007,ST7000309,2017-01-30,ACT,EKE,,,2020,2020-01-27,BASE,12,1,RE,12,NZC,2020-05-27T13:34:45+1200,2020-05-27T13:34:45+1200
upsert,2020_8007_ST7000311,ST7000311,9007000311,8007,ST7000311,2018-01-30,ACT,ENA,,,2020,2020-01-27,BASE,11,1,RE,11,NZC,2020-05-27T13:35:00+1200,2020-05-27T13:35:00+1200
upsert,2020_8007_ST7000324,ST7000324,9007000324,8007,ST7000324,2018-01-30,ACT,ENA,,,2020,2020-01-27,BASE,11,1,RE,11,NZC,2020-05-27T13:35:14+1200,2020-05-27T13:35:14+1200
upsert,2020_8007_ST7000337,ST7000337,9007000337,8007,ST7000337,2018-01-30,ACT,EOS,,,2020,2020-01-27,BASE,11,1,RE,11,NZC,2020-05-27T13:35:30+1200,2020-05-27T13:35:30+1200
upsert,2020_8007_ST7100345,ST7100345,9007100345,8007,ST7100345,2018-01-30,ACT,ETU,,,2020,2020-01-27,BASE,11,1,RE,11,NZC,2020-05-27T13:35:45+1200,2020-05-27T13:35:45+1200
upsert,2020_8007_ST7000352,ST7000352,9007000352,8007,ST7000352,2018-01-30,ACT,EOS,,,2020,2020-01-27,BASE,11,1,RE,11,NZC,2020-05-27T13:36:00+1200,2020-05-27T13:36:00+1200
upsert,2020_8007_ST7000365,ST7000365,9007000365,8007,ST7000365,2019-01-30,ACT,ENA,,,2020,2020-01-27,BASE,10,1,RE,10,NZC,2020-05-27T13:36:15+1200,2020-05-27T13:36:15+1200
upsert,2020_8007_ST7000378,ST7000378,9007000378,8007,ST7000378,2019-01-30,ACT,EOS,,,2020,2020-01-27,BASE,10,1,RE,10,NZC,2020-05-27T13:36:30+1200,2020-05-27T13:36:30+1200
upsert,2020_8007_ST7000380,ST7000380,9007000380,8007,ST7000380,2019-01-30,ACT,EKE,,,2020,2020-01-27,BASE,10,1,RE,10,NZC,2020-05-27T13:36:45+1200,2020-05-27T13:36:45+1200
upsert,2020_8007_ST7000393,ST7000393,9007000393,8007,ST7000393,2019-01-30,ACT,EUN,,,2020,2020-01-27,BASE,10,1,RE,10,NZC,2020-05-27T13:37:00+1200,2020-05-27T13:37:00+1200
upsert,2020_8007_ST7000403,ST7000403,9007000403,8007,ST7000403,2019-01-30,ACT,EKE,,,2020,2020-01-27,BASE,10,1,RE,10,NZC,2020-05-27T13:37:15+1200,2020-05-27T13:37:15+1200
upsert,2020_8007_ST7000416,ST7000416,9007000416,8007,ST7000416,2019-01-30,ACT,EUN,,,2020,2020-01-27,BASE,10,1,NA,10,NZC,2020-05-27T13:37:30+1200,2020-05-27T13:37:30+1200
upsert,2020_8007_ST7000429,ST7000429,9007000429,8007,ST7000429,2019-01-30,ACT,EOS,,,2020,2020-01-27,BASE,10,1,RE,10,NZC,2020-05-27T13:37:44+1200,2020-05-27T13:37:44+1200
upsert,2020_8007_ST7000431,ST7000431,9007000431,8007,ST7000431,2019-01-30,ACT,EKE,,,2020,2020-01-27,BASE,10,1,RE,10,NZC,2020-05-27T13:38:00+1200,2020-05-27T13:38:00+1200
upsert,2020_8007_ST7000444,ST7000444,9007000444,8007,ST7000444,2020-01-30,ACT,ENA,,,2020,2020-01-27,BASE,9,1,RE,9,NZC,2020-05-27T13:38:15+1200,2020-05-27T13:38:15+1200
upsert,2020_8007_ST7000457,ST7000457,9007000457,8007,ST7000457,2020-01-30,ACT,ENA,,,2020,2020-01-27,BASE,9,1,RE,9,NZC,2020-05-27T13:38:30+1200,2020-05-27T13:38:30+1200
upsert,2020_8007_ST7100465,ST7100465,9007100465,8007,ST7100465,2020-01-30,ACT,ENA,,,2020,2020-01-27,BASE,9,1,RE,9,NZC,2020-05-27T13:38:45+1200,2020-05-27T13:38:45+1200
upsert,2020_8007_ST7000472,ST7000472,9007000472,8007,ST7000472,2020-01-30,ACT,EKE,,,2020,2020-01-27,BASE,9,1,RE,9,NZC,2020-05-27T13:39:00+1200,2020-05-27T13:39:00+1200
upsert,2020_8007_ST7000485,ST7000485,9007000485,8007,ST7000485,2020-01-30,ACT,ETU,,,2020,2020-01-27,BASE,9,1,RE,9,NZC,2020-05-27T13:39:15+1200,2020-05-27T13:39:15+1200
upsert,2020_8007_ST7000498,ST7000498,9007000498,8007,ST7000498,2020-01-30,ACT,ETU,,,2020,2020-01-27,BASE,9,1,RE,9,NZC,2020-05-27T13:39:30+1200,2020-05-27T13:39:30+1200
upsert,2020_8007_ST7000508,ST7000508,9007000508,8007,ST7000508,2016-01-30,ACT,EKE,,,2020,2020-01-27,BASE,13,1,SF,13,NZC,2020-05-27T13:39:45+1200,2020-05-27T13:39:45+1200
upsert,2020_8007_ST7000510,ST7000510,9007000510,8007,ST7000510,2016-01-30,ACT,ECO,,,2020,2020-01-27,BASE,13,1,TPRE,13,NZC,2020-05-27T13:40:00+1200,2020-05-27T13:40:00+1200
upsert,2020_8007_ST7000523,ST7000523,9007000523,8007,ST7000523,2016-01-30,ACT,EUN,,,2020,2020-01-27,BASE,13,1,RE,13,NZC,2020-05-27T13:40:15+1200,2020-05-27T13:40:15+1200
upsert,2020_8007_ST7000536,ST7000536,9007000536,8007,ST7000536,2016-01-30,ACT,ETU,,,2020,2020-01-27,BASE,13,1,RE,13,NZC,2020-05-27T13:40:30+1200,2020-05-27T13:40:30+1200
upsert,2020_8007_ST7000549,ST7000549,9007000549,8007,ST7000549,2016-01-30,ACT,ETU,,,2020,2020-01-27,BASE,13,1,RE,13,NZC,2020-05-27T13:40:45+1200,2020-05-27T13:40:45+1200
upsert,2020_8007_ST7000551,ST7000551,9007000551,8007,ST7000551,2016-01-30,ACT,EUN,,,2020,2020-01-27,BASE,13,1,RE,13,NZC,2020-05-27T13:41:00+1200,2020-05-27T13:41:00+1200
upsert,2020_8007_ST7000564,ST7000564,9007000564,8007,ST7000564,2016-01-30,ACT,EPC,,,2020,2020-01-27,BASE,13,1,RE,13,NZC,2020-05-27T13:41:15+1200,2020-05-27T13:41:15+1200
upsert,2020_8007_ST7000577,ST7000577,9007000577,8007,ST7000577,2016-01-30,ACT,EOS,,,2020,2020-01-27,BASE,13,1,NA,13,NZC,2020-05-27T13:41:30+1200,2020-05-27T13:41:30+1200
upsert,2020_8007_ST7100585,ST7100585,9007100585,8007,ST7100585,2017-01-30,ACT,EPG,,,2020,2020-01-27,BASE,12,1,RE,12,NZC,2020-05-27T13:41:45+1200,2020-05-27T13:41:45+1200
upsert,2020_8007_ST7000592,ST7000592,9007000592,8007,ST7000592,2018-01-30,ACT,ECO,,,2020,2020-01-27,BASE,11,1,RE,11,NZC,2020-05-27T13:42:00+1200,2020-05-27T13:42:00+1200
upsert,2020_8007_ST7000602,ST7000602,9007000602,8007,ST7000602,2018-01-30,ACT,ENA,,,2020,2020-01-27,BASE,11,1,RE,11,NZC,2020-05-27T13:42:15+1200,2020-05-27T13:42:15+1200
upsert,2020_8007_ST7000615,ST7000615,9007000615,8007,ST7000615,2018-01-30,ACT,ECO,,,2020,2020-01-27,BASE,11,1,RE,11,NZC,2020-05-27T13:42:29+1200,2020-05-27T13:42:29+1200
upsert,2020_8007_ST7000628,ST7000628,9007000628,8007,ST7000628,2018-01-30,ACT,EPC,,,2020,2020-01-27,BASE,11,1,RE,11,NZC,2020-05-27T13:42:45+1200,2020-05-27T13:42:45+1200
upsert,2020_8007_ST7000630,ST7000630,9007000630,8007,ST7000630,2018-01-30,ACT,EPG,,,2020,2020-01-27,BASE,11,1,RE,11,NZC,2020-05-27T13:43:00+1200,2020-05-27T13:43:00+1200
upsert,2020_8007_ST7000643,ST7000643,9007000643,8007,ST7000643,2019-01-30,ACT,ENA,,,2020,2020-01-27,BASE,10,1,SF,10,NZC,2020-05-27T13:43:15+1200,2020-05-27T13:43:15+1200
upsert,2020_8007_ST7000656,ST7000656,9007000656,8007,ST7000656,2019-01-30,ACT,ECO,,,2020,2020-01-27,BASE,10,1,RE,10,NZC,2020-05-27T13:43:30+1200,2020-05-27T13:43:30+1200
upsert,2020_8007_ST7000669,ST7000669,9007000669,8007,ST7000669,2019-01-30,ACT,EOS,,,2020,2020-01-27,BASE,10,1,NA,10,NZC,2020-05-27T13:43:45+1200,2020-05-27T13:43:45+1200
upsert,2020_8007_ST7000671,ST7000671,9007000671,8007,ST7000671,2019-01-30,ACT,ETU,,,2020,2020-01-27,BASE,10,1,RE,10,NZC,2020-05-27T13:44:00+1200,2020-05-27T13:44:00+1200
upsert,2020_8007_ST7000684,ST7000684,9007000684,8007,ST7000684,2019-01-30,ACT,EUN,,,2020,2020-01-27,BASE,10,1,RE,10,NZC,2020-05-27T13:44:15+1200,2020-05-27T13:44:15+1200
upsert,2020_8007_ST7000697,ST7000697,9007000697,8007,ST7000697,2020-01-30,ACT,EKE,,,2020,2020-01-27,BASE,9,1,RE,9,NZC,2020-05-27T13:44:30+1200,2020-05-27T13:44:30+1200
upsert,2020_8007_ST7000707,ST7000707,9007000707,8007,ST7000707,2020-01-30,ACT,EPG,,,2020,2020-01-27,BASE,9,1,RE,9,NZC,2020-05-27T13:44:45+1200,2020-05-27T13:44:45+1200
upsert,2020_8007_ST7100715,ST7100715,9007100715,8007,ST7100715,2020-01-30,ACT,EUN,,,2020,2020-01-27,BASE,9,1,RE,9,NZC,2020-05-27T13:44:59+1200,2020-05-27T13:44:59+1200
upsert,2020_8007_ST7000722,ST7000722,9007000722,8007,ST7000722,2020-01-30,ACT,ETU,,,2020,2020-01-27,BASE,9,1,RE,9,NZC,2020-05-27T13:45:15+1200,2020-05-27T13:45:15+1200
upsert,2020_8007_ST7000735,ST7000735,9007000735,8007,ST7000735,2020-01-30,ACT,EUN,,,2020,2020-01-27,BASE,9,1,RE,9,NZC,2020-05-27T13:45:30+1200,2020-05-27T13:45:30+1200
upsert,2020_8007_ST7000748,ST7000748,9007000748,8007,ST7000748,2020-01-30,ACT,ENA,,,2020,2020-01-27,BASE,9,1,RE,9,NZC,2020-05-27T13:45:45+1200,2020-05-27T13:45:45+1200
upsert,2020_8007_ST7000750,ST7000750,9007000750,8007,ST7000750,2017-01-30,ACT,ENA,,,2020,2020-01-27,BASE,12,1,RE,12,NZC,2020-05-27T13:46:00+1200,2020-05-27T13:46:00+1200
upsert,2020_8007_ST7000763,ST7000763,9007000763,8007,ST7000763,2018-01-30,ACT,ENA,,,2020,2020-01-27,BASE,11,1,RE,11,NZC,2020-05-27T13:46:15+1200,2020-05-27T13:46:15+1200
upsert,2020_8008_ST8000002,ST8000002,9008000002,8008,ST8000002,2014-01-30,ACT,ENA,,,2020,2020-01-27,BASE,13,1,RE,13,NZC,2020-05-27T13:46:29+1200,2020-05-27T13:46:29+1200
upsert,2020_8008_ST8000015,ST8000015,9008000015,8008,ST8000015,2014-01-30,ACT,EPC,,,2020,2020-01-27,BASE,13,1,RE,13,NZC,2020-05-27T13:46:45+1200,2020-05-27T13:46:45+1200
upsert,2020_8008_ST8000028,ST8000028,9008000028,8008,ST8000028,2014-01-30,ACT,EOS,,,2020,2020-01-27,BASE,13,1,RE,13,NZC,2020-05-27T13:47:00+1200,2020-05-27T13:47:00+1200
upsert,2020_8008_ST8000030,ST8000030,9008000030,8008,ST8000030,2014-01-30,ACT,ETU,,,2020,2020-01-27,BASE,13,1,RE,13,NZC,2020-05-27T13:47:15+1200,2020-05-27T13:47:15+1200
upsert,2020_8008_ST8000043,ST8000043,9008000043,8008,ST8000043,2015-01-30,ACT,EUN,,,2020,2020-01-27,BASE,12,1,RE,12,NZC,2020-05-27T13:47:30+1200,2020-05-27T13:47:30+1200
upsert,2020_8008_ST8000056,ST8000056,9008000056,8008,ST8000056,2015-01-30,ACT,ENA,,,2020,2020-01-27,BASE,12,1,RE,12,NZC,2020-05-27T13:47:45+1200,2020-05-27T13:47:45+1200
upsert,2020_8008_ST8000069,ST8000069,9008000069,8008,ST8000069,2016-01-30,ACT,ENA,,,2020,2020-01-27,BASE,11,1,RE,11,NZC,2020-05-27T13:48:00+1200,2020-05-27T13:48:00+1200
upsert,2020_8008_ST8000071,ST8000071,9008000071,8008,ST8000071,2016-01-30,ACT,EUN,,,2020,2020-01-27,BASE,11,1,RE,11,NZC,2020-05-27T13:48:15+1200,2020-05-27T13:48:15+1200
upsert,2020_8008_ST8000084,ST8000084,9008000084,8008,ST8000084,2016-01-30,ACT,EUN,,,2020,2020-01-27,BASE,11,1,RE,11,NZC,2020-05-27T13:48:30+1200,2020-05-27T13:48:30+1200
upsert,2020_8008_ST8000097,ST8000097,9008000097,8008,ST8000097,2017-01-30,ACT,ENA,,,2020,2020-01-27,BASE,10,1,RE,10,NZC,2020-05-27T13:48:45+1200,2020-05-27T13:48:45+1200
upsert,2020_8008_ST8000107,ST8000107,9008000107,8008,ST8000107,2017-01-30,ACT,EPG,,,2020,2020-01-27,BASE,10,1,RE,10,NZC,2020-05-27T13:48:59+1200,2020-05-27T13:48:59+1200
upsert,2020_8008_ST8100115,ST8100115,9008100115,8008,ST8100115,2017-01-30,ACT,EOS,,,2020,2020-01-27,BASE,10,1,RE,10,NZC,2020-05-27T13:49:15+1200,2020-05-27T13:49:15+1200
upsert,2020_8008_ST8000122,ST8000122,9008000122,8008,ST8000122,2018-01-30,ACT,EUN,,,2020,2020-01-27,BASE,9,1,RE,9,NZC,2020-05-27T13:49:30+1200,2020-05-27T13:49:30+1200
upsert,2020_8008_ST8000135,ST8000135,9008000135,8008,ST8000135,2018-01-30,ACT,EPG,,,2020,2020-01-27,BASE,9,1,SF,9,NZC,2020-05-27T13:49:45+1200,2020-05-27T13:49:45+1200
upsert,2020_8008_ST8000148,ST8000148,9008000148,8008,ST8000148,2018-01-30,ACT,ETU,,,2020,2020-01-27,BASE,9,1,RE,9,NZC,2020-05-27T13:50:00+1200,2020-05-27T13:50:00+1200
upsert,2020_8008_ST8000150,ST8000150,9008000150,8008,ST8000150,2019-01-30,ACT,ENA,,,2020,2020-01-27,BASE,8,1,RE,8,NZC,2020-05-27T13:50:15+1200,2020-05-27T13:50:15+1200
upsert,2020_8008_ST8000163,ST8000163,9008000163,8008,ST8000163,2019-01-30,ACT,EOS,,,2020,2020-01-27,BASE,8,1,RE,8,NZC,2020-05-27T13:50:30+1200,2020-05-27T13:50:30+1200
upsert,2020_8008_ST8000176,ST8000176,9008000176,8008,ST8000176,2019-01-30,ACT,EKE,,,2020,2020-01-27,BASE,8,1,RE,8,NZC,2020-05-27T13:50:45+1200,2020-05-27T13:50:45+1200
upsert,2020_8008_ST8000189,ST8000189,9008000189,8008,ST8000189,2019-01-30,ACT,EUN,,,2020,2020-01-27,BASE,8,1,RE,8,NZC,2020-05-27T13:51:00+1200,2020-05-27T13:51:00+1200
upsert,2020_8008_ST8000191,ST8000191,9008000191,8008,ST8000191,2020-01-30,ACT,ECO,,,2020,2020-01-27,BASE,7,1,TPRE,7,NZC,2020-05-27T13:51:15+1200,2020-05-27T13:51:15+1200
upsert,2020_8008_ST8000201,ST8000201,9008000201,8008,ST8000201,2020-01-30,ACT,EPC,,,2020,2020-01-27,BASE,7,1,TPRE,7,NZC,2020-05-27T13:51:30+1200,2020-05-27T13:51:30+1200
upsert,2020_8008_ST8000214,ST8000214,9008000214,8008,ST8000214,2020-01-30,ACT,EUN,,,2020,2020-01-27,BASE,7,1,NA,7,NZC,2020-05-27T13:51:45+1200,2020-05-27T13:51:45+1200
upsert,2020_8008_ST8000227,ST8000227,9008000227,8008,ST8000227,2020-01-30,ACT,EPC,,,2020,2020-01-27,BASE,7,1,RE,7,NZC,2020-05-27T13:52:00+1200,2020-05-27T13:52:00+1200
upsert,2020_8008_ST8100235,ST8100235,9008100235,8008,ST8100235,2020-01-30,ACT,EUN,,,2020,2020-01-27,BASE,7,1,RE,7,NZC,2020-05-27T13:52:15+1200,2020-05-27T13:52:15+1200
upsert,2020_8008_ST8000242,ST8000242,9008000242,8008,ST8000242,2020-01-30,ACT,EUN,,,2020,2020-01-27,BASE,7,1,RE,7,NZC,2020-05-27T13:52:30+1200,2020-05-27T13:52:30+1200
upsert,2020_8008_ST8000255,ST8000255,9008000255,8008,ST8000255,2014-01-30,ACT,ENA,,,2020,2020-01-27,BASE,13,1,RE,13,NZC,2020-05-27T13:52:45+1200,2020-05-27T13:52:45+1200
upsert,2020_8008_ST8000268,ST8000268,9008000268,8008,ST8000268,2015-01-30,ACT,EUN,,,2020,2020-01-27,BASE,12,1,RE,12,NZC,2020-05-27T13:53:00+1200,2020-05-27T13:53:00+1200
upsert,2020_8008_ST8000270,ST8000270,9008000270,8008,ST8000270,2015-01-30,ACT,EPG,,,2020,2020-01-27,BASE,12,1,RE,12,NZC,2020-05-27T13:53:15+1200,2020-05-27T13:53:15+1200
upsert,2020_8008_ST8000283,ST8000283,9008000283,8008,ST8000283,2015-01-30,ACT,ENA,,,2020,2020-01-27,BASE,12,1,RE,12,NZC,2020-05-27T13:53:30+1200,2020-05-27T13:53:30+1200
upsert,2020_8008_ST8000296,ST8000296,9008000296,8008,ST8000296,2016-01-30,ACT,EOS,,,2020,2020-01-27,BASE,11,1,RE,11,NZC,2020-05-27T13:53:44+1200,2020-05-27T13:53:44+1200
upsert,2020_8008_ST8000306,ST8000306,9008000306,8008,ST8000306,2017-01-30,ACT,EUN,,,2020,2020-01-27,BASE,10,1,RE,10,NZC,2020-05-27T13:54:00+1200,2020-05-27T13:54:00+1200
upsert,2020_8008_ST8000319,ST8000319,9008000319,8008,ST8000319,2017-01-30,ACT,EUN,,,2020,2020-01-27,BASE,10,1,RE,10,NZC,2020-05-27T13:54:15+1200,2020-05-27T13:54:15+1200
upsert,2020_8008_ST8000321,ST8000321,9008000321,8008,ST8000321,2017-01-30,ACT,EPG,,,2020,2020-01-27,BASE,10,1,RE,10,NZC,2020-05-27T13:54:30+1200,2020-05-27T13:54:30+1200
upsert,2020_8008_ST8000334,ST8000334,9008000334,8008,ST8000334,2017-01-30,ACT,EKE,,,2020,2020-01-27,BASE,10,1,RE,10,NZC,2020-05-27T13:54:45+1200,2020-05-27T13:54:45+1200
upsert,2020_8008_ST8000347,ST8000347,9008000347,8008,ST8000347,2017-01-30,ACT,EPC,,,2020,2020-01-27,BASE,10,1,RE,10,NZC,2020-05-27T13:55:00+1200,2020-05-27T13:55:00+1200
upsert,2020_8008_ST8100355,ST8100355,9008100355,8008,ST8100355,2017-01-30,ACT,ETU,,,2020,2020-01-27,BASE,10,1,RE,10,NZC,2020-05-27T13:55:15+1200,2020-05-27T13:55:15+1200
upsert,2020_8008_ST8000362,ST8000362,9008000362,8008,ST8000362,2017-01-30,ACT,EPG,,,2020,2020-01-27,BASE,10,1,RE,10,NZC,2020-05-27T13:55:30+1200,2020-05-27T13:55:30+1200
upsert,2020_8008_ST8000375,ST8000375,9008000375,8008,ST8000375,2018-01-30,ACT,ETU,,,2020,2020-01-27,BASE,9,1,RE,9,NZC,2020-05-27T13:55:45+1200,2020-05-27T13:55:45+1200
upsert,2020_8008_ST8000388,ST8000388,9008000388,8008,ST8000388,2018-01-30,ACT,EOS,,,2020,2020-01-27,BASE,9,1,RE,9,NZC,2020-05-27T13:56:00+1200,2020-05-27T13:56:00+1200
upsert,2020_8008_ST8000390,ST8000390,9008000390,8008,ST8000390,2018-01-30,ACT,EOS,,,2020,2020-01-27,BASE,9,1,RE,9,NZC,2020-05-27T13:56:14+1200,2020-05-27T13:56:14+1200
upsert,2020_8008_ST8000400,ST8000400,9008000400,8008,ST8000400,2018-01-30,ACT,ENA,,,2020,2020-01-27,BASE,9,1,RE,9,NZC,2020-05-27T13:56:30+1200,2020-05-27T13:56:30+1200
upsert,2020_8008_ST8000413,ST8000413,9008000413,8008,ST8000413,2018-01-30,ACT,EUN,,,2020,2020-01-27,BASE,9,1,RE,9,NZC,2020-05-27T13:56:45+1200,2020-05-27T13:56:45+1200
upsert,2020_8008_ST8000426,ST8000426,9008000426,8008,ST8000426,2019-01-30,ACT,EKE,,,2020,2020-01-27,BASE,8,1,RE,8,NZC,2020-05-27T13:57:00+1200,2020-05-27T13:57:00+1200
upsert,2020_8008_ST8000439,ST8000439,9008000439,8008,ST8000439,2019-01-30,ACT,EUN,,,2020,2020-01-27,BASE,8,1,RE,8,NZC,2020-05-27T13:57:15+1200,2020-05-27T13:57:15+1200
upsert,2020_8008_ST8000441,ST8000441,9008000441,8008,ST8000441,2019-01-30,ACT,ENA,,,2020,2020-01-27,BASE,8,1,RE,8,NZC,2020-05-27T13:57:30+1200,2020-05-27T13:57:30+1200
upsert,2020_8008_ST8000454,ST8000454,9008000454,8008,ST8000454,2019-01-30,ACT,EOS,,,2020,2020-01-27,BASE,8,1,RE,8,NZC,2020-05-27T13:57:44+1200,2020-05-27T13:57:44+1200
upsert,2020_8008_ST8000467,ST8000467,9008000467,8008,ST8000467,2019-01-30,ACT,EPG,,,2020,2020-01-27,BASE,8,1,RE,8,NZC,2020-05-27T13:58:00+1200,2020-05-27T13:58:00+1200
upsert,2020_8008_ST8100475,ST8100475,9008100475,8008,ST8100475,2019-01-30,ACT,EUN,,,2020,2020-01-27,BASE,8,1,RE,8,NZC,2020-05-27T13:58:15+1200,2020-05-27T13:58:15+1200
upsert,2020_8008_ST8000482,ST8000482,9008000482,8008,ST8000482,2020-01-30,ACT,EPC,,,2020,2020-01-27,BASE,7,1,NA,7,NZC,2020-05-27T13:58:30+1200,2020-05-27T13:58:30+1200
upsert,2020_8008_ST8000495,ST8000495,9008000495,8008,ST8000495,2020-01-30,ACT,ECO,,,2020,2020-01-27,BASE,7,1,RE,7,NZC,2020-05-27T13:58:45+1200,2020-05-27T13:58:45+1200
upsert,2020_8008_ST8000505,ST8000505,9008000505,8008,ST8000505,2014-01-30,ACT,EPC,,,2020,2020-01-27,BASE,13,1,RE,13,NZC,2020-05-27T13:59:00+1200,2020-05-27T13:59:00+1200
upsert,2020_8008_ST8000518,ST8000518,9008000518,8008,ST8000518,2014-01-30,ACT,EKE,,,2020,2020-01-27,BASE,13,1,RE,13,NZC,2020-05-27T13:59:15+1200,2020-05-27T13:59:15+1200
upsert,2020_8008_ST8000520,ST8000520,9008000520,8008,ST8000520,2015-01-30,ACT,EUN,,,2020,2020-01-27,BASE,12,1,SF,12,NZC,2020-05-27T13:59:30+1200,2020-05-27T13:59:30+1200
upsert,2020_8008_ST8000533,ST8000533,9008000533,8008,ST8000533,2015-01-30,ACT,EUN,,,2020,2020-01-27,BASE,12,1,RE,12,NZC,2020-05-27T13:59:45+1200,2020-05-27T13:59:45+1200
upsert,2020_8008_ST8000546,ST8000546,9008000546,8008,ST8000546,2016-01-30,ACT,ENA,,,2020,2020-01-27,BASE,11,1,RE,11,NZC,2020-05-27T14:00:00+1200,2020-05-27T14:00:00+1200
upsert,2020_8008_ST8000559,ST8000559,9008000559,8008,ST8000559,2016-01-30,ACT,ETU,,,2020,2020-01-27,BASE,11,1,SF,11,NZC,2020-05-27T14:00:14+1200,2020-05-27T14:00:14+1200
upsert,2020_8008_ST8000561,ST8000561,9008000561,8008,ST8000561,2016-01-30,ACT,ENA,,,2020,2020-01-27,BASE,11,1,RE,11,NZC,2020-05-27T14:00:30+1200,2020-05-27T14:00:30+1200
upsert,2020_8008_ST8000574,ST8000574,9008000574,8008,ST8000574,2016-01-30,ACT,EKE,,,2020,2020-01-27,BASE,11,1,SF,11,NZC,2020-05-27T14:00:45+1200,2020-05-27T14:00:45+1200
upsert,2020_8008_ST8000587,ST8000587,9008000587,8008,ST8000587,2017-01-30,ACT,ECO,,,2020,2020-01-27,BASE,10,1,RE,10,NZC,2020-05-27T14:01:00+1200,2020-05-27T14:01:00+1200
upsert,2020_8008_ST8100595,ST8100595,9008100595,8008,ST8100595,2017-01-30,ACT,ENA,,,2020,2020-01-27,BASE,10,1,RE,10,NZC,2020-05-27T14:01:15+1200,2020-05-27T14:01:15+1200
upsert,2020_8008_ST8100605,ST8100605,9008100605,8008,ST8100605,2017-01-30,ACT,EPG,,,2020,2020-01-27,BASE,10,1,RE,10,NZC,2020-05-27T14:01:30+1200,2020-05-27T14:01:30+1200
upsert,2020_8008_ST8000612,ST8000612,9008000612,8008,ST8000612,2018-01-30,ACT,ENA,,,2020,2020-01-27,BASE,9,1,RE,9,NZC,2020-05-27T14:01:45+1200,2020-05-27T14:01:45+1200
upsert,2020_8008_ST8000625,ST8000625,9008000625,8008,ST8000625,2018-01-30,ACT,EPG,,,2020,2020-01-27,BASE,9,1,RE,9,NZC,2020-05-27T14:02:00+1200,2020-05-27T14:02:00+1200
upsert,2020_8008_ST8000638,ST8000638,9008000638,8008,ST8000638,2018-01-30,ACT,ECO,,,2020,2020-01-27,BASE,9,1,NA,9,NZC,2020-05-27T14:02:15+1200,2020-05-27T14:02:15+1200
upsert,2020_8008_ST8000640,ST8000640,9008000640,8008,ST8000640,2018-01-30,ACT,EPC,,,2020,2020-01-27,BASE,9,1,RE,9,NZC,2020-05-27T14:02:30+1200,2020-05-27T14:02:30+1200
upsert,2020_90902_ST8000653,ST8000653,9008000653,90902,ST8000653,2015-01-30,ACT,,FIV,ECE,,,,,,,,,2020-05-27T14:02:45+1200,2020-05-27T14:02:45+1200
upsert,2020_90902_ST2000006,ST2000006,9902000006,90902,ST2000006,2016-01-30,ACT,,FIV,ECE,,,,,,,,,2020-05-27T14:03:00+1200,2020-05-27T14:03:00+1200
upsert,2020_90902_ST2000019,ST2000019,9902000019,90902,ST2000019,2016-01-30,ACT,,FIV,ECE,,,,,,,,,2020-05-27T14:03:15+1200,2020-05-27T14:03:15+1200
upsert,2020_90902_ST2000021,ST2000021,9902000021,90902,ST2000021,2016-01-30,ACT,,FIV,ECE,,,,,,,,,2020-05-27T14:03:30+1200,2020-05-27T14:03:30+1200
upsert,2020_90902_ST2000034,ST2000034,9902000034,90902,ST2000034,2017-01-30,ACT,,FOU,ECE,,,,,,,,,2020-05-27T14:03:45+1200,2020-05-27T14:03:45+1200
upsert,2020_90902_ST2000047,ST2000047,9902000047,90902,ST2000047,2017-01-30,ACT,,FOU,ECE,,,,,,,,,2020-05-27T14:04:00+1200,2020-05-27T14:04:00+1200
upsert,2020_90902_ST2100055,ST2100055,9902100055,90902,ST2100055,2017-01-30,ACT,,FOU,ECE,,,,,,,,,2020-05-27T14:04:15+1200,2020-05-27T14:04:15+1200
upsert,2020_90902_ST2000062,ST2000062,9902000062,90902,ST2000062,2017-01-30,ACT,,FOU,ECE,,,,,,,,,2020-05-27T14:04:30+1200,2020-05-27T14:04:30+1200
upsert,2020_90902_ST2000075,ST2000075,9902000075,90902,ST2000075,2017-01-30,ACT,,FOU,ECE,,,,,,,,,2020-05-27T14:04:45+1200,2020-05-27T14:04:45+1200
upsert,2020_90902_ST2000088,ST2000088,9902000088,90902,ST2000088,2017-01-30,ACT,,FOU,ECE,,,,,,,,,2020-05-27T14:04:59+1200,2020-05-27T14:04:59+1200
upsert,2020_90902_ST2000090,ST2000090,9902000090,90902,ST2000090,2017-01-30,ACT,,FOU,ECE,,,,,,,,,2020-05-27T14:05:15+1200,2020-05-27T14:05:15+1200
upsert,2020_90902_ST2000100,ST2000100,9902000100,90902,ST2000100,2018-01-30,ACT,,THR,ECE,,,,,,,,,2020-05-27T14:05:30+1200,2020-05-27T14:05:30+1200
upsert,2020_90902_ST2000113,ST2000113,9902000113,90902,ST2000113,2018-01-30,ACT,,THR,ECE,,,,,,,,,2020-05-27T14:05:45+1200,2020-05-27T14:05:45+1200
upsert,2020_90902_ST2000126,ST2000126,9902000126,90902,ST2000126,2018-01-30,ACT,,THR,ECE,,,,,,,,,2020-05-27T14:06:00+1200,2020-05-27T14:06:00+1200
upsert,2020_90902_ST2000139,ST2000139,9902000139,90902,ST2000139,2018-01-30,ACT,,THR,ECE,,,,,,,,,2020-05-27T14:06:15+1200,2020-05-27T14:06:15+1200
upsert,2020_90902_ST2000141,ST2000141,9902000141,90902,ST2000141,2018-01-30,ACT,,THR,ECE,,,,,,,,,2020-05-27T14:06:30+1200,2020-05-27T14:06:30+1200
upsert,2020_90902_ST2000154,ST2000154,9902000154,90902,ST2000154,2018-01-30,ACT,,THR,ECE,,,,,,,,,2020-05-27T14:06:45+1200,2020-05-27T14:06:45+1200
upsert,2020_90902_ST2000167,ST2000167,9902000167,90902,ST2000167,2019-01-30,ACT,,TWO,ECE,,,,,,,,,2020-05-27T14:07:00+1200,2020-05-27T14:07:00+1200
upsert,2020_90902_ST2100175,ST2100175,9902100175,90902,ST2100175,2019-01-30,ACT,,TWO,ECE,,,,,,,,,2020-05-27T14:07:15+1200,2020-05-27T14:07:15+1200
upsert,2020_90902_ST2000182,ST2000182,9902000182,90902,ST2000182,2019-01-30,ACT,,TWO,ECE,,,,,,,,,2020-05-27T14:07:29+1200,2020-05-27T14:07:29+1200
upsert,2020_90902_ST2000195,ST2000195,9902000195,90902,ST2000195,2019-01-30,ACT,,TWO,ECE,,,,,,,,,2020-05-27T14:07:45+1200,2020-05-27T14:07:45+1200
upsert,2020_90902_ST2000205,ST2000205,9902000205,90902,ST2000205,2020-01-30,ACT,,ONE,ECE,,,,,,,,,2020-05-27T14:08:00+1200,2020-05-27T14:08:00+1200
upsert,2020_90902_ST2000218,ST2000218,9902000218,90902,ST2000218,2020-01-30,ACT,,ONE,ECE,,,,,,,,,2020-05-27T14:08:15+1200,2020-05-27T14:08:15+1200
upsert,2020_90902_ST2000220,ST2000220,9902000220,90902,ST2000220,2020-03-31,ACT,,ZER,ECE,,,,,,,,,2020-05-27T14:08:30+1200,2020-05-27T14:08:30+1200
upsert,2020_90902_ST2000233,ST2000233,9902000233,90902,ST2000233,2020-05-06,ACT,,ZER,ECE,,,,,,,,,2020-05-27T14:08:45+1200,2020-05-27T14:08:45+1200
upsert,2020_90902_ST2000246,ST2000246,9902000246,90902,ST2000246,2016-01-30,ACT,,FIV,ECE,,,,,,,,,2020-05-27T14:08:59+1200,2020-05-27T14:08:59+1200
upsert,2020_90902_ST2000259,ST2000259,9902000259,90902,ST2000259,2016-01-30,ACT,,FIV,ECE,,,,,,,,,2020-05-27T14:09:15+1200,2020-05-27T14:09:15+1200
upsert,2020_90902_ST2000261,ST2000261,9902000261,90902,ST2000261,2017-01-30,ACT,,FOU,ECE,,,,,,,,,2020-05-27T14:09:30+1200,2020-05-27T14:09:30+1200
upsert,2020_90902_ST2000274,ST2000274,9902000274,90902,ST2000274,2017-01-30,ACT,,FOU,ECE,,,,,,,,,2020-05-27T14:09:45+1200,2020-05-27T14:09:45+1200
upsert,2020_90902_ST2000287,ST2000287,9902000287,90902,ST2000287,2018-01-30,ACT,,THR,ECE,,,,,,,,,2020-05-27T14:10:00+1200,2020-05-27T14:10:00+1200
upsert,2020_90902_ST2100295,ST2100295,9902100295,90902,ST2100295,2018-01-30,ACT,,THR,ECE,,,,,,,,,2020-05-27T14:10:15+1200,2020-05-27T14:10:15+1200
upsert,2020_90902_ST2100305,ST2100305,9902100305,90902,ST2100305,2018-01-30,ACT,,THR,ECE,,,,,,,,,2020-05-27T14:10:30+1200,2020-05-27T14:10:30+1200
upsert,2020_90902_ST2000312,ST2000312,9902000312,90902,ST2000312,2018-01-30,ACT,,THR,ECE,,,,,,,,,2020-05-27T14:10:45+1200,2020-05-27T14:10:45+1200
upsert,2020_90902_ST2000325,ST2000325,9902000325,90902,ST2000325,2018-01-30,ACT,,THR,ECE,,,,,,,,,2020-05-27T14:11:00+1200,2020-05-27T14:11:00+1200
upsert,2020_90902_ST2000338,ST2000338,9902000338,90902,ST2000338,2019-01-30,ACT,,TWO,ECE,,,,,,,,,2020-05-27T14:11:15+1200,2020-05-27T14:11:15+1200
upsert,2020_90902_ST2000340,ST2000340,9902000340,90902,ST2000340,2019-01-30,ACT,,TWO,ECE,,,,,,,,,2020-05-27T14:11:29+1200,2020-05-27T14:11:29+1200
upsert,2020_90902_ST2000353,ST2000353,9902000353,90902,ST2000353,2019-01-30,ACT,,TWO,ECE,,,,,,,,,2020-05-27T14:11:45+1200,2020-05-27T14:11:45+1200
upsert,2020_90902_ST2000366,ST2000366,9902000366,90902,ST2000366,2019-01-30,ACT,,TWO,ECE,,,,,,,,,2020-05-27T14:12:00+1200,2020-05-27T14:12:00+1200
upsert,2020_90902_ST2000379,ST2000379,9902000379,90902,ST2000379,2020-01-30,ACT,,ONE,ECE,,,,,,,,,2020-05-27T14:12:15+1200,2020-05-27T14:12:15+1200
upsert,2020_90902_ST2000381,ST2000381,9902000381,90902,ST2000381,2020-01-30,ACT,,ONE,ECE,,,,,,,,,2020-05-27T14:12:30+1200,2020-05-27T14:12:30+1200
upsert,2020_90902_ST2000394,ST2000394,9902000394,90902,ST2000394,2020-01-30,ACT,,ONE,ECE,,,,,,,,,2020-05-27T14:12:45+1200,2020-05-27T14:12:45+1200
upsert,2020_90902_ST2000404,ST2000404,9902000404,90902,ST2000404,2020-01-30,ACT,,ONE,ECE,,,,,,,,,2020-05-27T14:13:00+1200,2020-05-27T14:13:00+1200
upsert,2020_90902_ST2000417,ST2000417,9902000417,90902,ST2000417,2020-01-30,ACT,,ONE,ECE,,,,,,,,,2020-05-27T14:13:15+1200,2020-05-27T14:13:15+1200
upsert,2020_90902_ST2100425,ST2100425,9902100425,90902,ST2100425,2020-01-30,ACT,,ONE,ECE,,,,,,,,,2020-05-27T14:13:30+1200,2020-05-27T14:13:30+1200
upsert,2020_90902_ST2000432,ST2000432,9902000432,90902,ST2000432,2020-01-30,ACT,,ONE,ECE,,,,,,,,,2020-05-27T14:13:45+1200,2020-05-27T14:13:45+1200
upsert,2020_90902_ST2000445,ST2000445,9902000445,90902,ST2000445,2020-01-30,ACT,,ONE,ECE,,,,,,,,,2020-05-27T14:14:00+1200,2020-05-27T14:14:00+1200
upsert,2020_90902_ST2000458,ST2000458,9902000458,90902,ST2000458,2020-01-30,ACT,,ONE,ECE,,,,,,,,,2020-05-27T14:14:15+1200,2020-05-27T14:14:15+1200
upsert,2020_90902_ST2000460,ST2000460,9902000460,90902,ST2000460,2020-01-02,ACT,,ZER,ECE,,,,,,,,,2020-05-27T14:14:30+1200,2020-05-27T14:14:30+1200
upsert,2020_90902_ST2000473,ST2000473,9902000473,90902,ST2000473,2020-04-15,ACT,,ZER,ECE,,,,,,,,,2020-05-27T14:14:45+1200,2020-05-27T14:14:45+1200
upsert,2020_90902_ST2000486,ST2000486,9902000486,90902,ST2000486,2020-05-13,ACT,,ZER,ECE,,,,,,,,,2020-05-27T14:15:00+1200,2020-05-27T14:15:00+1200
upsert,2020_90902_ST2000499,ST2000499,9902000499,90902,ST2000499,2016-01-30,ACT,,FIV,ECE,,,,,,,,,2020-05-27T14:15:15+1200,2020-05-27T14:15:15+1200
upsert,2020_90902_ST2000509,ST2000509,9902000509,90902,ST2000509,2016-01-30,ACT,,FIV,ECE,,,,,,,,,2020-05-27T14:15:30+1200,2020-05-27T14:15:30+1200
upsert,2020_90902_ST2000511,ST2000511,9902000511,90902,ST2000511,2016-01-30,ACT,,FIV,ECE,,,,,,,,,2020-05-27T14:15:45+1200,2020-05-27T14:15:45+1200
upsert,2020_90902_ST2000524,ST2000524,9902000524,90902,ST2000524,2016-01-30,ACT,,FIV,ECE,,,,,,,,,2020-05-27T14:16:00+1200,2020-05-27T14:16:00+1200
upsert,2020_90902_ST2000537,ST2000537,9902000537,90902,ST2000537,2016-01-30,ACT,,FIV,ECE,,,,,,,,,2020-05-27T14:16:14+1200,2020-05-27T14:16:14+1200
upsert,2020_90903_ST2100545,ST2100545,9902100545,90903,ST2100545,2017-01-30,ACT,,FOU,ECE,,,,,,,,,2020-05-27T14:16:30+1200,2020-05-27T14:16:30+1200
upsert,2020_90903_ST3000003,ST3000003,9903000003,90903,ST3000003,2017-01-30,ACT,,FOU,ECE,,,,,,,,,2020-05-27T14:16:45+1200,2020-05-27T14:16:45+1200
upsert,2020_90903_ST3000016,ST3000016,9903000016,90903,ST3000016,2017-01-30,ACT,,FOU,ECE,,,,,,,,,2020-05-27T14:17:00+1200,2020-05-27T14:17:00+1200
upsert,2020_90903_ST3000029,ST3000029,9903000029,90903,ST3000029,2017-01-30,ACT,,FOU,ECE,,,,,,,,,2020-05-27T14:17:15+1200,2020-05-27T14:17:15+1200
upsert,2020_90903_ST3000031,ST3000031,9903000031,90903,ST3000031,2017-01-30,ACT,,FOU,ECE,,,,,,,,,2020-05-27T14:17:30+1200,2020-05-27T14:17:30+1200
upsert,2020_90903_ST3000044,ST3000044,9903000044,90903,ST3000044,2018-01-30,ACT,,THR,ECE,,,,,,,,,2020-05-27T14:17:45+1200,2020-05-27T14:17:45+1200
upsert,2020_90903_ST3000057,ST3000057,9903000057,90903,ST3000057,2018-01-30,ACT,,THR,ECE,,,,,,,,,2020-05-27T14:18:00+1200,2020-05-27T14:18:00+1200
upsert,2020_90903_ST3100065,ST3100065,9903100065,90903,ST3100065,2018-01-30,ACT,,THR,ECE,,,,,,,,,2020-05-27T14:18:15+1200,2020-05-27T14:18:15+1200
upsert,2020_90903_ST3000072,ST3000072,9903000072,90903,ST3000072,2018-01-30,ACT,,THR,ECE,,,,,,,,,2020-05-27T14:18:30+1200,2020-05-27T14:18:30+1200
upsert,2020_90903_ST3000085,ST3000085,9903000085,90903,ST3000085,2019-01-30,ACT,,TWO,ECE,,,,,,,,,2020-05-27T14:18:44+1200,2020-05-27T14:18:44+1200
upsert,2020_90903_ST3000098,ST3000098,9903000098,90903,ST3000098,2019-01-30,ACT,,TWO,ECE,,,,,,,,,2020-05-27T14:19:00+1200,2020-05-27T14:19:00+1200
upsert,2020_90903_ST3000108,ST3000108,9903000108,90903,ST3000108,2019-01-30,ACT,,TWO,ECE,,,,,,,,,2020-05-27T14:19:15+1200,2020-05-27T14:19:15+1200
upsert,2020_90903_ST3000110,ST3000110,9903000110,90903,ST3000110,2020-01-30,ACT,,ONE,ECE,,,,,,,,,2020-05-27T14:19:30+1200,2020-05-27T14:19:30+1200
upsert,2020_90903_ST3000123,ST3000123,9903000123,90903,ST3000123,2020-01-30,ACT,,ONE,ECE,,,,,,,,,2020-05-27T14:19:45+1200,2020-05-27T14:19:45+1200
upsert,2020_90903_ST3000136,ST3000136,9903000136,90903,ST3000136,2020-01-30,ACT,,ONE,ECE,,,,,,,,,2020-05-27T14:20:00+1200,2020-05-27T14:20:00+1200
upsert,2020_90903_ST3000149,ST3000149,9903000149,90903,ST3000149,2020-01-30,ACT,,ONE,ECE,,,,,,,,,2020-05-27T14:20:14+1200,2020-05-27T14:20:14+1200
upsert,2020_90903_ST3000151,ST3000151,9903000151,90903,ST3000151,2020-01-06,ACT,,ZER,ECE,,,,,,,,,2020-05-27T14:20:30+1200,2020-05-27T14:20:30+1200
upsert,2020_90903_ST3000164,ST3000164,9903000164,90903,ST3000164,2020-02-06,ACT,,ZER,ECE,,,,,,,,,2020-05-27T14:20:45+1200,2020-05-27T14:20:45+1200
upsert,2020_90903_ST3000177,ST3000177,9903000177,90903,ST3000177,2020-02-20,ACT,,ZER,ECE,,,,,,,,,2020-05-27T14:21:00+1200,2020-05-27T14:21:00+1200
upsert,2020_90903_ST3100185,ST3100185,9903100185,90903,ST3100185,2020-03-24,ACT,,ZER,ECE,,,,,,,,,2020-05-27T14:21:15+1200,2020-05-27T14:21:15+1200
upsert,2020_90903_ST3000192,ST3000192,9903000192,90903,ST3000192,2016-01-30,ACT,,FIV,ECE,,,,,,,,,2020-05-27T14:21:30+1200,2020-05-27T14:21:30+1200
upsert,2020_90903_ST3000202,ST3000202,9903000202,90903,ST3000202,2016-01-30,ACT,,FIV,ECE,,,,,,,,,2020-05-27T14:21:45+1200,2020-05-27T14:21:45+1200
upsert,2020_90903_ST3000215,ST3000215,9903000215,90903,ST3000215,2016-01-30,ACT,,FIV,ECE,,,,,,,,,2020-05-27T14:22:00+1200,2020-05-27T14:22:00+1200
upsert,2020_90903_ST3000228,ST3000228,9903000228,90903,ST3000228,2017-01-30,ACT,,FOU,ECE,,,,,,,,,2020-05-27T14:22:15+1200,2020-05-27T14:22:15+1200
upsert,2020_90903_ST3000230,ST3000230,9903000230,90903,ST3000230,2017-01-30,ACT,,FOU,ECE,,,,,,,,,2020-05-27T14:22:30+1200,2020-05-27T14:22:30+1200
upsert,2020_90903_ST3000243,ST3000243,9903000243,90903,ST3000243,2017-01-30,ACT,,FOU,ECE,,,,,,,,,2020-05-27T14:22:44+1200,2020-05-27T14:22:44+1200
upsert,2020_90903_ST3000256,ST3000256,9903000256,90903,ST3000256,2017-01-30,ACT,,FOU,ECE,,,,,,,,,2020-05-27T14:23:00+1200,2020-05-27T14:23:00+1200
upsert,2020_90903_ST3000269,ST3000269,9903000269,90903,ST3000269,2017-01-30,ACT,,FOU,ECE,,,,,,,,,2020-05-27T14:23:15+1200,2020-05-27T14:23:15+1200
upsert,2020_90903_ST3000271,ST3000271,9903000271,90903,ST3000271,2017-01-30,ACT,,FOU,ECE,,,,,,,,,2020-05-27T14:23:30+1200,2020-05-27T14:23:30+1200
upsert,2020_90903_ST3000284,ST3000284,9903000284,90903,ST3000284,2018-01-30,ACT,,THR,ECE,,,,,,,,,2020-05-27T14:23:45+1200,2020-05-27T14:23:45+1200
upsert,2020_90903_ST3000297,ST3000297,9903000297,90903,ST3000297,2018-01-30,ACT,,THR,ECE,,,,,,,,,2020-05-27T14:24:00+1200,2020-05-27T14:24:00+1200
upsert,2020_90903_ST3000307,ST3000307,9903000307,90903,ST3000307,2018-01-30,ACT,,THR,ECE,,,,,,,,,2020-05-27T14:24:15+1200,2020-05-27T14:24:15+1200
upsert,2020_90903_ST3100315,ST3100315,9903100315,90903,ST3100315,2019-01-30,ACT,,TWO,ECE,,,,,,,,,2020-05-27T14:24:30+1200,2020-05-27T14:24:30+1200
upsert,2020_90903_ST3000322,ST3000322,9903000322,90903,ST3000322,2019-01-30,ACT,,TWO,ECE,,,,,,,,,2020-05-27T14:24:45+1200,2020-05-27T14:24:45+1200
upsert,2020_90903_ST3000335,ST3000335,9903000335,90903,ST3000335,2019-01-30,ACT,,TWO,ECE,,,,,,,,,2020-05-27T14:25:00+1200,2020-05-27T14:25:00+1200
upsert,2020_90903_ST3000348,ST3000348,9903000348,90903,ST3000348,2019-01-30,ACT,,TWO,ECE,,,,,,,,,2020-05-27T14:25:15+1200,2020-05-27T14:25:15+1200
upsert,2020_90903_ST3000350,ST3000350,9903000350,90903,ST3000350,2020-01-30,ACT,,ONE,ECE,,,,,,,,,2020-05-27T14:25:30+1200,2020-05-27T14:25:30+1200
upsert,2020_90903_ST3000363,ST3000363,9903000363,90903,ST3000363,2020-01-30,ACT,,ONE,ECE,,,,,,,,,2020-05-27T14:25:45+1200,2020-05-27T14:25:45+1200
upsert,2020_90903_ST3000376,ST3000376,9903000376,90903,ST3000376,2020-01-30,ACT,,ONE,ECE,,,,,,,,,2020-05-27T14:26:00+1200,2020-05-27T14:26:00+1200
upsert,2020_90903_ST3000389,ST3000389,9903000389,90903,ST3000389,2020-01-30,ACT,,ONE,ECE,,,,,,,,,2020-05-27T14:26:15+1200,2020-05-27T14:26:15+1200
upsert,2020_90903_ST3000391,ST3000391,9903000391,90903,ST3000391,2020-01-30,ACT,,ONE,ECE,,,,,,,,,2020-05-27T14:26:30+1200,2020-05-27T14:26:30+1200
upsert,2020_90903_ST3000401,ST3000401,9903000401,90903,ST3000401,2020-01-30,ACT,,ONE,ECE,,,,,,,,,2020-05-27T14:26:45+1200,2020-05-27T14:26:45+1200
upsert,2020_90903_ST3000414,ST3000414,9903000414,90903,ST3000414,2020-01-30,ACT,,ONE,ECE,,,,,,,,,2020-05-27T14:27:00+1200,2020-05-27T14:27:00+1200
upsert,2020_90903_ST3000427,ST3000427,9903000427,90903,ST3000427,2020-01-08,ACT,,ZER,ECE,,,,,,,,,2020-05-27T14:27:15+1200,2020-05-27T14:27:15+1200
upsert,2020_90903_ST3100435,ST3100435,9903100435,90903,ST3100435,2020-03-24,ACT,,ZER,ECE,,,,,,,,,2020-05-27T14:27:29+1200,2020-05-27T14:27:29+1200
